firstName,lastName,email,phone,guid,city,password,favorite_color,active
Dana,Ruiz,vulputate.dui.nec@yahoo.couk,(531) 696-0934,81DAF261-6884-8231-F4A0-B39BB74B4A3D,Mohmand Agency,SYO37GIK6DI,#e58b89,false
Joseph,Holloway,ornare.lectus@icloud.couk,(904) 838-5781,D749646E-78C5-2895-3448-B3F6DB7C2945,Edremit,CVU64FPD4TN,#d1b04d,true
Lance,Willis,vitae.velit.egestas@yahoo.com,(457) 926-7611,619BF821-8EDC-0A76-D39F-26E9EC763EC0,Homburg,ICX21FFU4MI,#2b439b,false
Ima,Armstrong,vitae.posuere.at@aol.edu,1-834-822-4292,C8EA1EA6-D616-0E23-19C3-17E6D366B162,Palmerston,WMG81PSN1SU,#ed866a,true
Whitney,Rice,egestas@protonmail.couk,1-942-165-9915,11B1B9D4-26E9-9DF3-6096-2A25CC59F6FD,Hexham,SKF63URD2HM,#f8f995,true
Kennan,Gillespie,diam@yahoo.edu,1-342-445-5453,A521EED7-4A4D-273A-B697-72DDFCAE5D93,Saint John,TCY40GMG1HK,#b916f9,true
Orla,Pickett,dictum@google.couk,1-857-268-3320,6BC8BF9A-DF48-2DE7-C01B-8AC14F77BD49,Siheung,NKC95HBE0BI,#1faf9c,false
Lillian,Henry,quis@icloud.ca,(524) 355-4733,9B4EA5B3-38C2-A4A6-9477-D19F529B5635,Berlin,ZQI51OYG6ML,#1da347,false
Ann,Lara,vel.quam@hotmail.com,1-870-657-8865,E9D77317-A7BE-A410-1B5E-30ED12D56564,San Rafael,MUR11JNF6UQ,#8f50ba,true
Kieran,Duke,scelerisque@yahoo.ca,(811) 568-0855,9B235452-4145-4A7E-EBDD-B5B6D4E7115A,Montpellier,KHR66KKM0YY,#4760b2,false
Bryar,Willis,rhoncus.proin.nisl@hotmail.net,(738) 614-9683,A60644B0-8EDA-240C-388A-67C5E7430866,Funtua,HWF64PXU5JR,#e3fc23,true
Orla,Dudley,nisi.nibh.lacinia@aol.edu,(769) 160-3257,F31D1392-E6E6-7AA3-C1AD-D0D98B33DEB0,Imphal,TGI04NFI3VY,#dec2fc,false
Branden,Faulkner,nisl.quisque@outlook.com,(632) 792-6579,CE587188-89AD-A16A-388A-C9958E7E12E3,Sicuani,AGJ39YLL5GK,#3f769e,true
Beatrice,Davenport,ligula.aenean@icloud.net,(643) 714-4735,D6655C32-CFBB-2154-C472-6510E9312D5C,Ciudad Santa Catarina,TCJ60JGR2YK,#17037a,false
Colleen,Keller,auctor.nunc@google.org,(401) 511-9812,E37AC2C3-577C-E591-7561-CA55922E4AE2,Camerino,FPV78QSH9GG,#f718a5,true
Jescie,Kelley,velit.eget@icloud.net,1-934-531-1162,CC553D23-EE82-9998-8CC9-BEEBBE2E5C2E,Avesta,TLE26SOV1UN,#e806a0,true
Jessamine,Wagner,placerat.orci.lacus@icloud.com,1-573-735-1640,94BD661F-2E37-2DA3-AF30-A37C856F80B3,Huaraz,DMD75VRH1VK,#de9de8,false
Akeem,Case,aliquam.nisl.nulla@google.net,(464) 421-6393,246E1679-3CA2-2B0A-E143-1A4F1A3D107A,Lagos,ISW16NYI5VH,#8795d3,true
Marsden,Sanders,lacus.pede@yahoo.edu,1-248-838-5902,D428483B-7A4E-344D-4728-4EB072DD1CD1,Cametá,VXE57ZXT7FJ,#f993b3,true
Jeanette,Thomas,velit.quisque@yahoo.com,1-351-551-1144,6903A56C-6C92-9191-D6E9-517D0D327AC2,Rennes,YGK09OTS5RK,#78e29d,false
Zeph,Byers,consectetuer@icloud.net,1-415-590-2452,74ADE4C7-4534-9696-97CA-279C3CEC3A21,Vöcklabruck,BBK18BHX5PI,#90edaa,true
Bree,Mckay,odio@yahoo.ca,1-303-224-9343,2C9C0325-D665-DC84-2797-61E7411D47DE,Hưng Hà,YGN65VJU6BK,#d2b3ef,true
Kylynn,Casey,quisque.purus@google.ca,(819) 896-6374,D92B997B-C36D-F13C-C842-636F87A68E3D,Melilla,YON46HOU3FS,#220b84,false
Ryan,Franks,interdum.enim@outlook.com,1-251-530-8501,823AA4EA-AECE-6E91-37F9-311E2C4CD586,Momignies,VUR64LEO4KS,#5ad653,true
Georgia,Manning,nibh@google.ca,(972) 452-4467,A5ABAC11-272A-8A55-E592-E261A4CB3EC5,Gliwice,BBQ19MKF1RB,#930ecc,false
Tallulah,Melton,est.arcu@outlook.org,1-934-577-6758,D8C7A9E5-A3FE-7D9C-0A59-AB9900B8A514,Martigues,GTK01RIP4BO,#ccd6ff,false
Jamal,Pacheco,luctus@yahoo.com,(792) 228-4256,D75EFA25-5F51-40CA-7B1C-D9136415D8D8,Korneuburg,UVI22NSY5ST,#7f35e0,true
Gavin,Molina,dui.cum@protonmail.ca,1-646-821-1885,461BEE56-B071-8997-0C41-AED6926A046B,Montenegro,PEB42USZ3LM,#dd23e0,false
Levi,Avery,ipsum.primis.in@hotmail.couk,(141) 838-8094,4157A95B-B3D6-DBE9-BB95-C610378A4FA0,Nagpur,EML65FRE0UO,#e1fc97,true
Hannah,Hester,diam.eu.dolor@yahoo.ca,(514) 977-4177,DA6B4019-34C7-B948-986F-ACDA6CC373E1,Bengkulu,PEO33WLP9DP,#0b5666,true
Kennan,Gonzales,cras.dictum@aol.com,1-512-563-9084,8F1A7ECB-1237-7D9E-118B-E8774488C823,Dir,VMX03BYE6KQ,#8af29e,true
Orson,Mcfarland,arcu.et.pede@outlook.ca,(669) 776-1856,092EEC99-AC2A-0B4E-F182-220A67E50B96,Novosibirsk,MPR27DEG2SY,#c4e6ff,false
Kaye,Robinson,mi.tempor.lorem@hotmail.org,1-854-511-8435,D7DF9DDD-2313-2687-23A7-75ABCA798E47,Culemborg,HHG65JRG4OC,#f2dc8e,false
Oscar,Bishop,id.sapien@outlook.net,(617) 479-6207,788B0C5A-2264-1BCF-A563-25C2AA3D07E3,Berwick,XBU33AWE2DB,#30d321,false
Leroy,Mack,nisi.mauris@protonmail.edu,(231) 528-6761,AC984E34-FA91-613C-D5B8-ED29DBB61B3D,Almere,ROB61NLN8CL,#f97c16,true
Anthony,Gates,at.risus@yahoo.org,1-922-580-5569,CC1962B4-7EBD-E494-AD2A-1022168284BB,Christchurch,IEK80CQN8XJ,#3550d6,false
Harding,Finch,elementum.sem@google.net,1-719-532-0878,159EE2B3-3B05-3A69-B0AE-CBEB8A6B4CB0,Paiguano,AMM84PGU1EF,#dd088f,true
Dylan,Waters,malesuada@protonmail.ca,1-438-722-3802,4FD76A20-E1AB-43CA-78B2-71824C358C62,San Rafael,RZR24KFV4BM,#f78ac4,true
Henry,Rice,enim.etiam.gravida@icloud.couk,(817) 598-2618,F83913CE-4668-7A8B-3CA3-11F1EBFECAAA,Gwangyang,HFZ97TPB6NI,#6a7fe8,true
Quinlan,Williamson,enim.suspendisse@protonmail.ca,1-433-422-6742,CC3B4517-27B3-4DD9-D8E5-839778548806,Halifax,NHE88DNS6FY,#e886ce,false
Lillith,Russo,sed.pede@google.ca,1-676-943-4688,6C9E3B28-BA75-28B5-F604-9173A630F023,Pazarcık,DSF16MBH5EM,#6ff7c5,true
Perry,Heath,consequat@hotmail.org,1-936-265-2864,511C6542-931B-EA72-B8FD-6866D24F5599,LaSalle,XYH10RGP8XB,#b2d345,false
Alyssa,Ashley,cum.sociis.natoque@aol.edu,1-274-723-4449,8735E6B8-696B-8ABB-F764-F9C2409FA5B7,Aubagne,FHR45MXX2JF,#74fc05,true
Dane,Castro,enim.suspendisse@yahoo.org,1-879-532-3768,B5C31126-B4C8-49CD-F812-2EBB3E515C98,Oaxaca,LSJ62JFO4IB,#c6a303,true
Yasir,Miranda,nisi.dictum@google.edu,(667) 570-8423,15ADE7C4-32D8-6E96-8E93-4B9624E09B9D,Lerum,URI00GBU3YU,#1b9b8c,true
Brian,Stokes,sed.dui@aol.net,1-572-360-3327,A4BC9575-4381-A1B5-9DC1-B46AB82273DD,Valle del Guamuez,VJY89DLD8CS,#8b4fad,false
Lamar,Rollins,feugiat.placerat.velit@yahoo.org,1-387-376-3216,C5EBDDBD-1634-E643-DD1E-BC159392223D,Besançon,RUA64WYL4CP,#d655e8,true
Urielle,Vinson,taciti.sociosqu@icloud.com,(882) 851-4370,849C97AB-20AA-16B2-22AA-C79386ACA8AD,La Dorada,KXC44IES5QL,#88fc92,true
Jin,Barnes,cursus.luctus.ipsum@icloud.ca,(322) 200-5349,5C6A662C-4E3A-6E51-2621-A7B9216FAA7E,Tarbes,UNF23XQJ5XO,#f9d7a4,false
Ivana,Kennedy,proin@hotmail.ca,1-461-283-1033,3A3789BD-4DB3-9DE3-8596-1EC9D9C5AA7B,Tver,GEG07INL1NU,#91e589,false
Olympia,Long,fringilla.ornare@hotmail.net,1-718-723-7742,AC435762-79CC-7738-ADCA-B0D6230813B2,Puerto Guzmán,GHB80JPG1QF,#efa7c8,true
Dai,Fulton,duis@icloud.ca,1-453-266-6694,B197A3BB-7D0A-18D1-C6A1-B893BF203732,Pica,TCS56RBE8ZG,#c92c5b,false
Channing,Rich,proin.vel@hotmail.couk,1-214-574-1356,6EA67D3C-DD9E-523A-C7E9-E1F1D608D2A6,Sars-la-Buissire,DNN76NPG9LR,#7217aa,true
Michelle,Huffman,sollicitudin@protonmail.net,1-429-751-2438,4323D08C-AFBF-D7A8-5845-473874A7A58B,Pondicherry,WFS49EME4NN,#a2f22b,true
Ralph,Dunlap,mattis.cras.eget@protonmail.edu,(162) 556-9646,D4B28215-76C3-D01B-E711-B8B4C55E5704,San Felipe,FVG24TBJ0NT,#7dfc7b,true
Gail,Sheppard,vel.convallis@yahoo.couk,1-675-460-2411,64A800C2-8B77-C9C8-D9DA-502E8D19E1A7,Vallentuna,LCS87HLZ1AB,#b5f73b,false
Simon,Cardenas,primis.in@google.org,(478) 426-7357,116E80BB-DE0E-BDBE-3650-D9FEEEAA157C,La Roche-sur-Yon,XGC14TVG9LL,#83f794,false
Zia,Vega,magnis.dis@outlook.net,(656) 634-4642,25A2A6F0-3108-772B-E1D6-B9E5C98DE183,Hof,EEB33YIU5QP,#6822d8,true
Serina,Hardy,aliquam@hotmail.org,(956) 653-2375,822AB9C7-4C12-95A3-A3E4-B6BFF579CC71,Almere,ICI04NGT7SW,#e2b5fc,false
Stephen,Witt,velit.eu@hotmail.edu,1-535-400-7115,F8AFAE77-6252-642B-B828-D28FCC2B7969,La Tebaida,QUB77SVV4QH,#16af21,false
Curran,Doyle,mus.aenean.eget@yahoo.org,1-457-484-8244,81EEAF2F-628B-5617-7D74-B83EC82AB784,Reynosa,ILT41TSY5MR,#7ee57f,true
Raya,Collier,orci@icloud.com,(814) 618-3314,DA86E398-116A-6D45-4216-2E10CD06CBAC,Chilpancingo,DEK47WGK4GB,#00b53f,true
Quinlan,Love,hymenaeos@icloud.edu,(452) 655-4886,98B46014-906E-D4E1-8C0C-CE72CAA7EF67,Wolfurt,JZU35PSO8DW,#c65d1f,true
Norman,Rodriguez,pellentesque.ut.ipsum@icloud.net,1-787-316-0733,0DB8C716-CF7F-7A9E-C91F-AB2386B67DE8,Liberia,GIR35AHV6OR,#dd3b87,true
Hammett,Figueroa,sociosqu@hotmail.com,(491) 635-5437,09617992-B63E-8C2B-9B1C-DC2DD54448EC,Ovalle,WLI56RSE8OO,#48ea5e,false
Julian,Brady,ultrices.iaculis@yahoo.net,(745) 764-7816,D7AA9F31-DA6A-BEBD-8B22-C5F4579C4342,Heilongjiang,VUC47IZH4TH,#cdabfc,false
Dominique,Ford,vel.turpis.aliquam@icloud.ca,1-430-654-8743,91E51994-C19C-1A3E-40BD-5CC3923B3AA5,Saint Paul,DTZ06LDB8GH,#f9319c,true
Macon,Davenport,dictum.eu@protonmail.org,1-718-925-7673,2215FDED-52DB-9ED2-99BF-9A89D16DE453,Shandong,IOU15RJB7EM,#e8ba76,false
Aquila,Cummings,leo.cras@icloud.com,1-240-504-1448,85DC48DE-2B30-34D7-F5B3-B86412DB2059,Cork,PCR53HSZ4IS,#2652a5,false
Galena,Morrow,ligula.elit@protonmail.net,(178) 843-2644,1C759B24-9EBC-A624-C192-136DAA99CC18,Sóc Trăng,KHK22YJH8ZG,#4fef10,true
Yeo,Mitchell,curabitur.dictum.phasellus@protonmail.net,1-239-573-7989,9D711B21-46BC-5E5D-3244-BF3F0AD679BF,Pskov,UQA51MQI3LL,#c1f9ff,false
Emerald,Brooks,penatibus.et@aol.edu,1-285-118-2325,948B2D97-A93B-BE52-D43C-D608A266EB5D,Mohmand Agency,MBM85QNU8WW,#ce0cb4,true
Conan,Mullins,est@yahoo.org,(396) 812-4551,FC1EA1ED-3281-5F27-BD48-D3B213CD5884,Schiltigheim,XJB11KLT7GG,#a3ffdb,false
Cally,Zamora,enim.consequat@hotmail.edu,(665) 261-8573,A13F5E75-9124-A239-5771-5A9046ED1982,Matiari,IRJ32RVK2NV,#21ba68,false
Avye,Wilson,tincidunt.adipiscing@icloud.couk,(849) 384-5440,A62A7551-3218-3568-84D4-F9653A03538C,Barranca,KFV74ZRE1VK,#dd6ad8,false
Lillith,York,eu.dui.cum@hotmail.org,(421) 561-1126,C7B557B2-313A-E300-7850-F862438A6CBD,Reyhanlı,PVY53RQI6FA,#d2bef7,false
Abigail,Fitzpatrick,ante.dictum.cursus@icloud.ca,1-271-831-5611,7979B22A-C63B-BC7A-6615-A56ECC8888D6,Landeck,VII71TSF3ET,#092cc4,true
Nicholas,Dickson,eu.eleifend.nec@protonmail.edu,(472) 410-4540,7F2C9B23-5926-E846-574D-2995E1AE39B5,Blois,QEB34RQS7IQ,#b5273d,true
Nissim,Charles,sed.turpis.nec@icloud.com,(883) 903-1567,B5E4688B-7973-D7A0-1AB8-6C1971587BBC,Pskov,ICT65MBI3TM,#3cc97b,false
Erich,Malone,nulla.donec@protonmail.ca,1-447-414-8786,71D98C4E-B7E4-E40A-E0C3-48824A57F618,Norfolk,WDI82IDH2DN,#cc9b28,true
Rhiannon,Mason,lobortis@icloud.org,1-284-426-4671,FEE48DF3-399B-2532-9CC7-F7FF73091555,Itanagar,VOL08DLC6DS,#9297f4,true
Jana,Ballard,in@protonmail.com,1-957-473-8677,667BAC76-F2D4-AB67-2EA0-B8018D375317,Yahyalı,RPB59DEK8HM,#935fd3,true
Cairo,Stone,enim.diam@outlook.couk,1-604-723-8738,3929ACAE-F23A-3AA1-9F70-C53862411B5F,Curaco de Vélez,KOW63ELS7SW,#e6c4fc,true
Hadassah,Marshall,elementum.dui.quis@outlook.org,1-355-616-9291,E5AC12FA-7AD5-71E8-5CC2-792A135136B5,Mjölby,KCI24FTM4FY,#caed61,true
Todd,Porter,scelerisque.mollis@google.com,1-117-645-2251,CE406D82-07C2-3A81-17DA-EC9668C1987E,Campolieto,XMZ41TVN5DI,#e899bd,true
Alfreda,Marks,lobortis.quam@icloud.ca,(571) 282-3226,2CE23823-2FB1-14ED-C244-7D6C2DF30A88,Bagh,QKQ32MPE5FA,#6f75db,true
Jamal,Castaneda,vulputate.eu@icloud.edu,(502) 373-5148,EC5C6D83-B738-D236-7521-D46636E818B6,Huaraz,KNY81SDO8BB,#a2e54b,true
Robert,Stokes,nec@outlook.com,1-450-334-7633,0605E748-3196-A7FC-96A3-AC299E496E10,Icheon,SDL86XIZ8GN,#346fbc,true
Angela,Dale,sit.amet@hotmail.couk,1-777-929-7317,50815ABD-EE9B-B3E5-A3BB-35553B305452,Westport,KDW32LOC9SV,#8cf96d,true
Gavin,Douglas,nisl.elementum@protonmail.org,1-680-356-7451,7873569C-74D9-E7B3-8BDD-337DEE0CB711,Baracaldo,LUW38LBK2OB,#d1f78f,true
Meghan,Castro,leo.cras@hotmail.org,1-234-324-4580,922F103F-F1A8-6117-1D14-819D0441E5C4,Stonewall,QIU72LOZ3AP,#e2d55f,false
Burke,Burks,mauris.sagittis.placerat@yahoo.net,(148) 466-3639,3D8AA9DC-D1D8-221B-89ED-47C89CD48454,Alingsås,LSQ05HQS7JN,#3828c1,false
Cadman,Mccarty,est.ac@aol.edu,(888) 267-5448,E7C386CE-B536-2E4B-0819-53E7DB6A9AB8,Norderstedt,KRL65BBC8LO,#3634b5,false
Camden,Dickerson,interdum.sed.auctor@yahoo.com,1-924-511-3555,6963FA9A-ABD7-6D60-E1BD-BE72509B4D5C,Watson Lake,KFW87KZX5GM,#16f925,false
Fleur,Burns,parturient.montes@yahoo.couk,(343) 653-5557,CE81B9D0-CCF3-B3A7-C5AE-A7E9BD7613DE,Shanghai,XJF40RDD6NH,#42d651,false
Shafira,Buck,dis.parturient@icloud.org,1-677-262-6261,27A71E34-ACFA-6B9E-A399-A4C1EABE1A9C,Gresham,IRD59FXM4XW,#b2b3ff,true
Aurora,Gill,pellentesque@outlook.net,(633) 825-6968,ED5422AE-2421-D1E6-A3BD-999F37412C1A,Florianópolis,IGY25NFE7OV,#eaf429,false
Simone,Roy,parturient.montes@protonmail.couk,(721) 728-7218,422A3B79-07EC-929D-D431-00533EEFB1A6,Belfast,IHS46SQD7YE,#f42ee0,false
Isabella,Henry,posuere.at.velit@protonmail.com,1-674-360-7890,379A46E8-D65E-A64D-BA88-8BDD2E55695A,Redruth,KAS01YZE9RF,#105789,true
Margaret,Haney,mauris@protonmail.org,(811) 878-2179,7279AED8-931E-4C2D-903D-F64CD337C6A9,Jiangsu,SGJ74ZBG6FV,#273e84,false
Josiah,Cardenas,ridiculus.mus@outlook.com,1-547-857-7487,55CEFC35-C784-6B17-B4A3-275F3049F165,Barranca,FPE62DVR3EC,#f9a4f2,true
Yoshi,Ortega,orci.luctus@aol.com,1-116-788-7828,26D86BAE-60A7-8A5A-2DDA-C105E15478E1,Moulins,GQV89PSN8VZ,#d63b83,false
Giacomo,Vega,fusce@icloud.org,(723) 603-7932,5D02635A-1BD2-2E4C-26CE-C6712D0D2A08,Pollein,KPL05MAC0TD,#58c625,false
Samson,Perry,a.dui@icloud.ca,(339) 832-5642,77167724-9E49-A9B2-ED61-52BC8E9E5FC4,Christchurch,RNX65VOD3PX,#5f3ea5,true
Clare,Ortega,mauris@outlook.ca,1-247-426-5887,ACE7D6B3-3D9A-7DBE-D432-19BD6142EED5,Gävle,UOE38BMB0HD,#ce7742,false
Pearl,Hoffman,montes.nascetur@aol.ca,1-771-320-9333,FDABA2E1-5156-8EA1-493D-B52E04497D28,Aisén,NIY24PYQ6EE,#92db62,true
Elijah,Macias,et@yahoo.ca,1-318-260-2211,49A794C1-B631-FEDD-CE18-5B8A60C8348D,Bremen,KTJ88NOW9QY,#f8c4ff,true
Cole,Gregory,fringilla.cursus.purus@hotmail.com,1-270-376-2636,F1E55911-16A2-3A8B-156B-3FF1538312AD,Kircudbright,TGR16XDT8EK,#6bf9d6,false
Patricia,Harris,nisi@protonmail.net,1-446-725-5541,63E9D9A4-BC3F-3BC4-D69A-A91C3ECB1E26,Limoges,BQE52SAP6FH,#f97ad5,true
Deanna,Acevedo,magna.nec@protonmail.ca,(383) 519-6641,037F35D5-DF28-1B8C-A554-A55725CECB56,Jhelum,FYU16KHE1EG,#a9f986,true
Nicole,Mann,amet.diam.eu@protonmail.net,1-762-602-5151,22A64E8F-7AD9-A6B4-8C54-498DA2815BA2,Aix-en-Provence,GCK51FLS2IG,#a51d58,true
Jerry,Aguirre,felis@yahoo.ca,1-692-545-7448,A61E372E-829A-B4F3-8064-71C9BD1AEECA,Opole,BQK25SLB2IK,#adef5d,true
Courtney,Fletcher,ullamcorper.velit.in@outlook.net,1-507-849-9087,32F48B7E-4B34-8130-96A7-505727ED379E,Chiusanico,TDO55KPR0XY,#cb37d3,true
Brielle,Anderson,proin.velit@yahoo.couk,1-516-709-4653,205721CC-4C57-99C0-3312-9484A34EDD15,Mohmand Agency,CYC97NCP5FR,#47e5bb,true
Maia,Bullock,ut.nec.urna@protonmail.com,(831) 717-1242,A6BF757D-8E09-956C-F45B-7E4C098CF8B8,Cuautla,KFW38ABI1XT,#17edd4,false
Emma,Mcdowell,enim.etiam@icloud.ca,1-248-818-7607,06530B8E-A849-0D47-352B-38A994E5B89A,Straubing,HZI73IDG3ER,#3f0f82,false
Brianna,Murray,sit@hotmail.net,1-644-848-1681,6ABE8C26-BA82-8762-D7EC-D6963610A4A5,Hoogeveen,KFG41ULX2RO,#51e83a,false
Seth,Boyd,sed@aol.ca,1-856-317-9047,799927DB-E6B8-095C-8E61-392746B47046,Hindeloopen,YMH76VEQ4FZ,#a753e8,false
Cora,Browning,ac.metus.vitae@hotmail.com,(769) 846-9413,E208768E-DB69-6338-2D26-75A4742119BE,Cheonan,TGN68GLH6EC,#30d35e,true
Quyn,West,id@protonmail.org,1-582-812-8785,C7EEDAAD-48EA-C406-DF21-5DBC34097D42,Sogamoso,TRM69XQA7ST,#2667e0,false
Luke,Estrada,nascetur@protonmail.couk,1-256-978-8986,9653EDDD-879D-1ED2-4196-B98AE0A82CCA,Launceston,RBL70FCQ2ES,#5164bc,false
Phyllis,Booker,eu.euismod@icloud.net,1-142-566-7533,95DA6A7D-E63D-093E-2A28-A0F74678C716,Blois,JHS46PSQ2BQ,#fc889b,true
Stewart,Ruiz,auctor.odio@outlook.edu,1-674-646-0085,5554D1A6-C565-4229-405B-422064DDA720,Cork,EQP70NNN6BJ,#e8da17,true
Lee,Oneal,arcu.aliquam@google.couk,(834) 608-8395,9AA49B53-245E-2FE6-627D-3BC9C42BB4B6,Bad Vöslau,TYO48EKF6YD,#ea3fd3,true
Jocelyn,Miller,neque.sed.dictum@hotmail.couk,(257) 609-6566,AF4284E6-83BD-7D42-38B4-3F27B3F221A6,Henan,CYG12ZRG3CT,#eac938,false
Gillian,Schwartz,donec.dignissim.magna@outlook.ca,1-631-679-1631,9D1B69B1-C381-761B-7270-B0D73968D476,Aizwal,GGJ41BKJ8TL,#0612ad,true
Byron,Morin,a@icloud.org,1-511-458-1284,ED8EA315-7D69-8D48-17C3-CDA36ED4991F,Santa Rosa de Cabal,HTF19XXV3KE,#2757d1,false
Philip,Mccarty,metus.in@yahoo.net,1-968-679-0817,45BAC41B-ABA4-520A-A19D-6BF6249BF1C6,Tula,NTG62ZNV1JK,#42e5a4,true
John,Madden,non@aol.com,1-552-265-3846,B4911EF5-962B-42EE-011D-5AB3614976BA,Katsina,GBW92LRO2IO,#bc0f2e,true
Cailin,Gilmore,cubilia.curae@google.edu,1-725-726-8952,B218DC19-4C8D-BA1C-ECD2-FDDD87789CAE,Vienna,DUE93XDL2SO,#91f797,true
Burke,Byrd,erat.vel.pede@google.ca,(433) 386-8467,813E61CA-40B3-E03E-BAF7-D413E7903C59,Devonport,DMD36VPD2IW,#4bd192,false
Nissim,Lowe,fusce.aliquet@aol.couk,(237) 281-7414,27835E66-FF0D-316B-7A89-4662ED9EE426,Arequipa,TLD57GSB2YS,#e89dc0,true
Aurora,Zimmerman,fringilla@aol.couk,(157) 474-1277,304B0493-42C9-4B26-C764-E386951816EE,Sandviken,LVS53WXL7KW,#2ef7b1,true
Thaddeus,Waller,tristique.ac.eleifend@icloud.com,1-661-325-7714,E01FAB64-3C81-048A-3527-36C3EDC4DEA5,Sakhalin,EKP88KFC6IB,#7b94f7,true
Nelle,Ruiz,aenean.euismod@aol.couk,1-358-322-2083,616A257F-CAAE-4990-B380-E0E122948B2D,Bellevue,JJI34JPZ9BO,#e7fc4b,false
Hall,Savage,libero@protonmail.net,1-755-114-3296,EB2B52D7-A6D6-C67A-5DC9-C81B339CB394,Caldera,LMT11FJN3PU,#ffd866,true
Armando,Buckley,sit.amet@hotmail.couk,1-359-775-5974,AB1EA714-2D40-8B12-D72A-AD44C6803896,Zamość,QYR78CZW8GB,#41b4ba,false
Bruno,Durham,lorem@icloud.net,(687) 766-5416,E9CF6E74-EAE6-5AD1-D91A-352D7647A519,Helmond,KIB61RMV5FG,#fc97d5,true
Castor,Collins,velit.dui.semper@aol.org,(800) 464-3847,58B9DE8F-C65A-6EA3-1501-6FCA9C84E8A8,Bengkulu,HJH19BFR8WQ,#66d3f4,false
Bruno,Patel,aliquam.ultrices@protonmail.net,1-148-686-1627,B60283DC-D3AD-3614-AEA2-3F1A0577B157,Bydgoszcz,OMH74DDQ2QC,#efff60,false
Hilary,Sargent,dolor.fusce@aol.couk,1-601-507-8177,30417420-D269-FD25-6D3F-747C52ED841D,Boca del Río,KIJ13HSO8CT,#f7a16f,false
Harlan,Mccray,felis.donec@hotmail.com,1-122-307-6653,200E2478-BBF2-5C1C-D622-EB060DDB72AB,Mignanego,NBP87NNW8ZQ,#34d3b1,false
Channing,Foreman,sodales.mauris@protonmail.couk,(796) 183-4348,345AC761-67D6-881B-C1A7-5272FD703CCD,Mirpur,SMI41OCM5FN,#56f77e,false
Kareem,Bishop,et.nunc@icloud.edu,(792) 136-1692,238EA1B9-DF4F-663C-C2EB-E8CA428F47BE,Evere,MIX41XLV9XV,#b179e0,true
Mannix,Clayton,convallis.erat.eget@google.edu,(882) 427-6621,72428A16-26A8-D51E-4244-20BE5E8D5113,Ikot Ekpene,YKO11HPI8KS,#bb5bf7,false
Rafael,Joyner,nibh.aliquam@protonmail.ca,(508) 562-3777,2147EC2C-BBAF-78CC-B9F1-C628D7E35443,Hong Kong,EPW82REE6IF,#57d1bc,true
Olympia,Heath,id.blandit@hotmail.net,(542) 946-6567,75A481CA-08CE-7016-365C-14E753C89844,Brunn am Gebirge,HWQ82IXU4NE,#fcc7e4,false
Owen,Mcdaniel,amet.faucibus.ut@yahoo.com,(781) 708-3665,E1EC8470-C01C-DCD4-AB36-474A542DC66C,Mỹ Tho,GBD48KGF2MQ,#060cce,true
Tanek,Cash,nullam.velit.dui@protonmail.net,(703) 814-7931,AA953C90-B03A-47FE-69B8-3429B7807B7B,Shandong,RLS33HQH8VX,#1ccc8b,true
Callum,Madden,tellus@protonmail.org,(442) 355-5631,795E947C-7C4D-BE2E-F104-E33ED9FF69FC,Lelystad,NQF71XMJ7WQ,#89f9c9,false
Vivien,Fowler,elit@aol.couk,(126) 347-0277,63E743DC-3BE9-0A57-3E32-15D166A1562D,Recanati,DIS94HGP7LU,#9ef7a1,false
Yoshi,Juarez,primis@icloud.edu,1-214-639-1278,7AD5B1AA-4A81-B3E9-85CA-D8A429C8C925,Seogwipo,HBI34RFN3SF,#4c82aa,false
Vernon,Franco,nulla@aol.edu,1-660-415-0087,14ADDEAB-0113-26DB-9B3B-D639244CCAE3,Ivangorod,PIQ70YAX4RM,#74ff42,false
Avram,Delgado,sapien@aol.com,(171) 891-7725,C3D6BCB5-A5BC-9ADD-A164-6031B520D4DA,Berlin,TVR75RIV4OF,#76f95e,true
Chaim,Drake,duis.risus@google.couk,1-362-674-0374,2348EF78-F156-0917-48A9-A3E2E8CEC25D,Minna,NWV61ESR1VN,#7a77d8,true
Mona,Cooper,feugiat.sed@outlook.com,(417) 882-7166,B554B2AB-8CA5-A13A-A8D3-3D8B04C770DB,Böblingen,SDW27GTI5WR,#4e74ce,false
Garth,White,scelerisque@protonmail.org,1-254-554-8761,FEBC1669-D7BD-7E9E-4D99-747F8B753637,Altamura,GGJ22IOW4XD,#2e22e2,true
Donovan,Vance,fusce@icloud.ca,1-422-692-8147,83AD36B4-6315-5831-344D-D9E3AC40C1F7,Grand Rapids,TGC14BJR5MC,#efa5d5,false
Dora,Tanner,magna.suspendisse@aol.edu,1-823-374-6666,D4A6C8F8-5174-3792-69E3-4AB5698D516D,Chañaral,WIM60PEC5PE,#a3fc1e,true
Zahir,Mcintyre,et.netus.et@hotmail.org,1-263-227-0715,632F98A2-51B5-9916-35EE-BEFB4154E912,Brighton,AUJ31LQC1HV,#e867fc,false
Adria,Robles,lacus.pede.sagittis@hotmail.ca,1-624-619-3483,9CD4DECC-4A16-B964-1FD8-12E466B53581,Maracanaú,SBK02LKP1KH,#b94ee0,true
Pascale,Stanton,quam.elementum@aol.ca,(645) 833-1716,565E6ABA-3443-C376-5B99-616206B4233E,Haguenau,MMI26SBG6CP,#98e57e,true
Allen,Crosby,urna.et@hotmail.edu,(857) 508-4638,6F1FE95D-8291-D71C-86EF-207A7F161E71,Ulsan,JRD94CMH8ZH,#99fcf9,false
Matthew,Short,lorem.vitae.odio@protonmail.ca,(348) 726-5734,B66B5DBD-44DD-1916-92E6-8241487D37D1,Dir,MOE78NYQ7CJ,#83fca9,false
Kessie,Roth,suspendisse.ac@google.com,1-586-786-4441,1524CAF3-5A27-D9BE-271F-A8F4543B7327,Cork,RHB42CPO9SY,#11a342,true
Adrienne,Estes,elit@yahoo.com,1-421-731-4506,FC346ABC-27C6-C593-14FC-BAFCAED763B7,Águas Lindas de Goiás,ICU59DOP8BN,#8e02e5,true
Dolan,Calhoun,aliquam.erat@outlook.com,1-814-425-4407,019767CC-3FD0-B675-CA33-D24646640033,Istanbul,LSJ41XBX4WT,#3f7bea,true
Cora,Mcclure,tempor@aol.org,(544) 330-5298,221585E0-AD15-E5DB-C2B2-6344BA672CA5,Gansu,KXD29OBL7OS,#d35671,false
Germaine,Buckley,mattis.cras@icloud.edu,(671) 687-5464,28356EB3-39EE-394E-227A-CC7C34565B6D,Te Puke,IUN45PVL3QS,#56d337,true
Elton,Lindsay,eget@protonmail.net,1-921-774-7580,CCDAB6D3-78A9-C067-2797-D7CB907BB6B9,Lambayeque,GAG66CLK3BO,#cced71,true
Burke,Alvarez,nam@icloud.com,(631) 240-5135,A69482C2-243B-A492-8AA0-141EA488AE2B,Coihaique,TYI64PNL6FU,#d8ce08,false
Frances,Logan,rhoncus.nullam@yahoo.com,1-151-197-4927,1D65759D-E7A4-A9D0-7B6D-553DFE8B0C1C,Hamburg,SMU45RDN7QD,#f49ce0,true
Wyoming,Beasley,mi.pede@outlook.ca,(894) 701-2521,C83974C4-A176-C259-9DA2-CBD067AE9D83,Palangka Raya,PON66FMA8OK,#ae96ff,true
Noble,Stephens,pellentesque.habitant@outlook.edu,(828) 814-9511,9AC54C7B-D589-ED61-57DB-6998EB72C096,Dannevirke,MQJ47LBR7NE,#eda753,true
Idona,Payne,at.pede@hotmail.couk,(168) 586-5765,77216514-9AD5-DFEA-1A4A-2EF0814E2AA2,Chuncheon,GRO50FVY5AI,#ffeec9,true
Jermaine,Fry,vel@aol.ca,(829) 567-2483,29624FA2-BB4D-7FCA-2DBA-A2CE4CA5842A,Kızılcahamam,AWU61CXS5QV,#f931a3,false
Otto,Ferguson,nulla.semper@aol.ca,(504) 423-5768,B6914780-7C3D-4111-1B1C-BEA389EA5877,Gia Bình,SRV38WRP6RV,#fff2b5,false
Aurelia,Rhodes,lacinia.vitae@yahoo.net,(895) 852-5738,9673592A-1973-D6A9-1CE3-36889AD7E963,San Pietro Avellana,GVF35TPT5XE,#169612,false
Shelby,Ford,conubia.nostra.per@protonmail.edu,(459) 673-0529,27CED43E-E60F-9778-6776-A67A18417AEB,Hong Kong,CYC18CPB6VG,#767ce0,false
Oren,Quinn,proin.vel@google.edu,1-485-827-3123,9EEE8EFA-1C2A-322C-E6FA-C3563CD93DB1,Yurimaguas,UOS04OOW0AY,#e8ea72,true
Marshall,Drake,amet.ornare@yahoo.com,(214) 335-7612,89BA78E6-7684-848D-1E83-118BDB3C8640,Daegu,UBS98LWF1VR,#f98781,false
Buckminster,Wade,consectetuer.rhoncus@aol.com,(457) 346-7421,21B6AEC3-14AF-3241-1D19-8168DA43DA01,Charlottetown,EMP35HMQ1LI,#f7ec51,true
Uma,Lowe,aliquam@icloud.org,1-582-811-6222,E09575BB-E607-AB45-2CC3-9BD6DCBE525A,Mérida,OOY71XTF7RJ,#fc6ca8,true
Noel,Tanner,quis.massa.mauris@yahoo.couk,1-712-351-1712,2F246848-E57E-5AFB-CC6B-B787A9ED3641,Ikot Ekpene,KTH46SEF4FN,#fc6dff,false
Barbara,Green,non.massa@outlook.org,1-202-856-3331,5881E1D9-6415-3647-5118-7B352218A417,Istanbul,PRB86SUO5YX,#bccef4,false
Madonna,Velasquez,auctor@google.net,(961) 943-1744,1BAEE136-3AA4-8884-EEDF-32210A059B36,Thái Nguyên,XWQ17QIX7CJ,#e20b85,false
Karleigh,Rasmussen,quis@aol.net,1-471-791-9766,1E7C99A2-A7D1-79FE-7086-B859BF618ADA,Ludvika,UWD52OEG7PW,#6183d8,true
Cara,Camacho,proin.eget.odio@aol.com,1-175-215-2781,095D3F3E-57B9-D279-BC68-E6A05018582C,Chungju,INA84FVE6WQ,#fcbfe0,false
Fallon,Maddox,tincidunt.neque.vitae@yahoo.org,(505) 640-8825,6D484B4C-B9E6-EF5F-438E-168C4B5596E2,Alençon,XVR85OTO2KA,#c6032a,false
Sydnee,Hester,aliquet.lobortis@aol.ca,1-314-124-5391,D4188BC8-DA6A-C584-7BB7-529288934919,Vienna,KLO82DZE8GG,#efc27f,true
Debra,Flynn,natoque.penatibus@outlook.edu,1-615-329-5683,7CB628BD-7E62-6B48-B119-E3FB740D64D6,Jiangxi,CNT27MDO1XX,#f0ff93,true
Jolene,Fitzgerald,egestas.sed@aol.edu,(426) 476-3678,E954AE85-6477-653B-8EFE-E695D3C35E5E,Kayseri,SKO74BUT5RM,#b5310c,true
Rina,Levine,blandit.at@icloud.couk,1-731-294-7787,D6D115A7-5E56-483A-915B-80BF61CEEC11,Anlier,SSB19KLF5UY,#8ae072,true
Prescott,Wilder,urna@outlook.couk,(364) 531-6771,1CDB21F2-1CB2-4EF2-D15A-DE54A212AAA4,Kurram Agency,XWU38JML1KF,#7bfca4,false
Bethany,Fulton,elit.pretium@outlook.ca,(541) 815-9501,13DA4CC2-4CEA-3A77-6825-4E6552D0928D,Jamshedpur,XNM21DDQ7JZ,#3818ba,false
Odysseus,Blanchard,ipsum.primis@outlook.com,(148) 128-8533,5D34B455-6CFC-0563-DC0E-FC82C98C3A3A,Patalillo,GUV62TDE4HS,#e580b6,true
Zachery,Clark,ac.mattis@aol.net,1-438-648-2463,7E7C2A29-DEC2-A9C1-C4DE-E89DB4A8E48A,Inverness,UEM01AOP5KO,#f0c4fc,false
Tarik,Forbes,pellentesque.habitant@yahoo.org,1-381-359-9312,71E4F910-82D9-8265-DF16-C55C336232C7,Châtellerault,VFF60TBI3UK,#b9c43e,false
Raven,Gillespie,at.sem@icloud.couk,1-682-812-8600,7644C458-0289-7AC6-9C6B-859AAA634B13,Zhejiang,JOW81GAQ6YI,#66c1dd,true
Mikayla,Gardner,nec.tempus@aol.edu,1-750-517-2904,CD7A5BDC-E257-F961-6A76-049CD87A5ADD,Woerden,IDG78LES8XZ,#7be57b,true
Oliver,Schroeder,sed.dolor@google.net,(787) 737-1554,E529B4FE-CDB3-445B-81BA-5C0D6A678397,Afşin,EUI72POU5JZ,#001b75,false
Hoyt,Holt,eleifend.cras.sed@hotmail.ca,(275) 174-2174,42E9B1BE-46CB-686D-5CA1-72AEF32A3537,Galway,KFI50IVW7HF,#37d3a7,true
Tad,Stuart,erat.in.consectetuer@hotmail.com,(516) 311-1743,BA03B6C8-47F8-8157-52DD-51DD7C4D73E7,Cartagena,LMA12QUH7GJ,#ffcceb,false
Jade,Valentine,non@icloud.ca,1-734-488-5280,191D6646-B139-39AC-725B-5CC9798E7968,Mauá,CIN91JUG0GX,#3fe2cf,true
Luke,Campos,lobortis.augue.scelerisque@hotmail.ca,1-331-506-2624,03665BC1-5365-BBCF-1227-553E7F685FEF,Builth Wells,HEC86TDT3QJ,#cdfc4e,false
Eliana,Palmer,sed@hotmail.ca,1-843-283-8068,8D68D5AC-9B5B-8112-6BDE-2E024ED0DB4A,Wolfurt,CVS13ECI8MK,#ff969d,true
Isaiah,Howe,nullam.enim@aol.org,1-867-421-2119,715D3B41-0635-C4CB-DA98-87190AEEE207,Alloa,BVG77CXK1TX,#4ee07a,true
Patricia,Vinson,enim.condimentum@icloud.edu,(464) 566-4941,AD9C8579-55AE-D311-637A-C0CD183B739F,San Rafael,LFM06JYA1XQ,#fff2b5,false
Reese,Cohen,vestibulum.neque@hotmail.com,1-296-260-8206,3ED3B443-75EE-DDE4-921C-5BACE7DD9EB0,Serang,YRI71XXY1NM,#a4fcc0,true
Paloma,Hale,diam.duis@protonmail.couk,(783) 664-7313,1C5CD389-864B-8754-A114-3B841B1A1054,Oviedo,REF40IKI1CQ,#90ce4e,false
Kylan,Dawson,lacus@google.ca,(552) 665-8638,20818E2A-AE38-184E-D792-4F1534B3B1E6,Semarang,QBY70MIL0CI,#c7e281,true
Nerea,Pena,sed.orci@google.ca,1-654-542-8513,CAD25573-42CA-A734-9847-EBE7F33E2A11,Hamburg,BEG83FTO5XC,#aefcbd,false
Rafael,Clements,tempus.eu@aol.couk,1-572-952-3973,9BD2D1BF-2A5F-BC6F-88C2-B518FC3238FC,Limón (Puerto Limón],CXG75VGY3CD,#39dd65,false
Regan,Hubbard,ut.odio@icloud.ca,1-747-628-4924,8FAAA4E5-F375-63F3-F51D-14FAF48037D6,Melilla,HLY61WFF7UX,#e5af8e,true
Tashya,Lane,elit.a@icloud.edu,1-811-453-4185,4B6E2B0E-D5D4-2619-8A97-85CAE7975187,Telde,DFO98VJG1MM,#c4e1ff,true
Octavius,Meadows,vestibulum.mauris@icloud.net,1-878-306-6232,A7EFBF99-4F86-2287-42CC-185137187E3B,Galway,HBU76LGD7PV,#f9c2dc,true
Rashad,Luna,fermentum.metus@yahoo.edu,(367) 576-4626,B344376E-857D-354F-3A2C-7B469A5E2878,Lidingo,JDQ01EKS7JP,#8472d3,true
Evan,Palmer,laoreet.libero.et@icloud.net,1-313-641-7684,EAA1EB81-BD0C-9870-C912-D9FBA854D538,Imst,CSS78DFV8GT,#ebbaf4,true
Martin,Hess,suspendisse.commodo@aol.org,(451) 556-2786,E274522B-E20F-9852-C738-3CA6559841A5,Brussel,HAF09RUI9YT,#d6880a,true
Martha,Espinoza,consectetuer.adipiscing@protonmail.net,(431) 877-8209,5E1958AF-7A46-7D84-B2B4-9205489F51FA,Kraków,QBQ69VGR2OY,#974ee5,true
Jorden,Fitzpatrick,ante@google.edu,(123) 766-6161,C542E975-1989-6C25-07A1-E14466949A8E,Cao Bằng,UJI45UJB1YJ,#ee5bff,true
Dillon,Mitchell,ut@yahoo.net,1-830-849-0923,9AD7478E-4F6D-CD25-C4C9-9DA74D38BD5C,Galway,LMR30QCD8FB,#f2ddae,false
Carolyn,Curry,ligula@icloud.org,(219) 288-4339,CDD050CC-A5DE-D3BD-D12D-554E274DA6D8,Galway,UMD66DOW8LN,#a1fcaf,false
Quemby,Frazier,a@icloud.ca,(989) 555-2548,C4BFA922-45DB-DDD8-4331-BF777C4C3411,Tame,ZVR56WGD2UX,#3466e5,false
Jessamine,Kinney,ante.maecenas.mi@google.edu,(627) 326-1547,A936FA92-D8B1-6E17-9FE8-2944C2D1B544,Rocca Santo Stefano,OPJ62IQH7WU,#51efa0,true
Uriah,Buck,ante@yahoo.org,(396) 763-6529,2BEB955B-44E3-D60A-D5D3-60774C5FB44F,Puntarenas,TMF63KQP2XW,#4c0eb7,false
Ishmael,Greer,tellus.justo@outlook.org,(561) 644-3317,95E75C54-EA59-5CFD-7978-2D9699222656,Cáceres,MSX04DSE4FD,#f99ab1,false
Arthur,Newton,sit@icloud.org,1-152-768-2246,8D7D10B1-D423-6B2A-B933-7B274812D1C9,Buner,ZII87NUV9IJ,#a41dd1,false
Hammett,Eaton,nunc.lectus.pede@yahoo.edu,1-565-692-7813,646F319A-9D27-8E74-35DD-7AC5CCC1D67A,Jiangsu,AGU46GDO2XM,#e28adf,true
Armando,Bruce,lacus.vestibulum@protonmail.edu,1-993-335-6662,3A33122E-7718-1CDD-C382-D75223130B0A,Bama,XEJ34OIF9HU,#91ed6a,false
Charissa,Summers,in.faucibus@google.org,1-678-368-7018,2B1820F3-D743-BFB3-67DE-9D43361419A7,Irkutsk,IMJ54UKH8EX,#f9f7a9,false
Britanni,Cardenas,proin@protonmail.ca,(672) 451-6528,11C086EB-42AB-5A8D-C49D-3454C82137DF,Dublin,HNJ65YYG9PZ,#ffbdbc,true
Jared,Baird,mauris.vestibulum@protonmail.ca,(911) 884-2434,B563787E-88F4-1C57-17A6-2C3F61D220FC,Falun,PNH97CGX9EH,#f2c874,true
Hashim,Morin,vitae@icloud.com,(556) 651-3532,888C9021-4C74-B124-A015-68F472CFA640,Kendari,HLS69YUW5XP,#39f424,false
Rafael,Cain,vel.turpis@outlook.net,1-374-353-6848,DAF2D4E2-1A6C-E52F-B0A2-C6D18449E866,Motueka,TTF42MCY8IB,#09f9e9,true
Ignatius,Pitts,enim.commodo@aol.net,(158) 298-1756,5BC1621C-0081-051F-DC77-AEEA5712378A,Burgos,WVW32TUQ8MC,#f2b3ce,true
Giacomo,Bray,nullam.suscipit@aol.org,(127) 215-0242,B6895A63-5080-E657-612B-888E5475A31D,Chitral,VKY55LMK8CS,#fcf950,false
Pamela,Vasquez,lorem.ipsum.dolor@yahoo.ca,1-643-931-1293,8B6C51BB-CAFD-4DFE-E3BA-EF26666847D0,Dublin,KPW95LGM5VB,#9db1f9,false
Samson,Robertson,tortor.dictum@icloud.com,(562) 474-0296,AC8914B4-851D-A426-3AD2-4C923F260DF7,Belfast,GPI44EWS5OW,#a2c8ef,true
Marcia,Levy,magna.nam@outlook.org,(511) 375-2751,D8491979-1799-18CE-9ACA-6AED41E0C5A1,Ciudad Madero,OGT85UGK3EG,#79db39,false
Kim,Velasquez,vivamus.nisi.mauris@google.org,1-313-651-2856,DB74B8D5-B975-16BC-A42D-B414B395C23C,Merseburg,DFC35LSM8GI,#9684ff,false
Yeo,Adams,fusce@icloud.couk,(788) 932-3469,08D33A11-147D-E619-7DF3-DDE2BA2627ED,Ereğli,IHM86PPE7HP,#efaab3,false
Rina,Salazar,blandit@aol.couk,1-358-849-1476,92229BB1-1E64-6A92-DA36-EAD011EE2EDA,Bari,SGH10RWP7JC,#f95ec8,true
Rogan,Ferguson,nisi.aenean.eget@aol.org,1-465-511-6118,C21C1338-F312-31C4-84F2-DEE20A9C4CD5,Zele,IVF77IOZ4TJ,#da68e2,true
Zena,Mclaughlin,sem.nulla@yahoo.ca,(442) 185-2660,73A2607E-14AA-E91A-A09F-B758EBB21E57,Little Rock,AUM62BED8EY,#f95ec8,false
Hermione,Berg,vivamus.non.lorem@outlook.com,1-736-902-3613,339F0324-AAA3-5874-BD77-9434598429AA,Santander,PVH16IYJ4OI,#72ff7e,false
Baker,Atkinson,imperdiet.non@outlook.net,(660) 866-2858,5B2C914C-4AEC-9E39-E386-A513B7B11697,Hindeloopen,TIN18LDB4CW,#e684e8,true
Brynn,Byrd,nulla.tempor.augue@aol.com,1-482-983-6794,B193902E-6E23-7461-E341-3C8D3BD2B20D,Mildura,OXG53IQF3ZN,#ef1f8e,true
Darrel,Lee,mauris@icloud.net,(663) 853-1891,FA855B97-9248-6176-CC54-B754E0DCEA3B,Suwałki,UTC93HDD7LV,#8dd5e8,true
Reese,Moody,sem.elit@google.couk,1-752-722-2294,C0FB93AB-47C2-5F68-5A05-8A6530838A93,Imphal,LVS68QNJ3BW,#deed0e,false
Doris,Neal,enim@aol.ca,(545) 468-2943,AD1ED7A9-E3C6-5F99-BA4E-FBB4D956521E,Reyhanlı,FOQ87QWO6IQ,#b4acf9,true
Zachery,Key,semper@icloud.ca,1-492-960-0250,97CFEB13-0C6E-982A-17B1-FD4C0941A761,Leval-Chaudeville,YTW62MLV0EZ,#e283a3,true
Lani,Sloan,eget.dictum@outlook.net,(211) 525-8724,97D796BD-6DBD-433E-7CD5-C2E2EDAD283D,Leoben,GWW14MTK0HM,#59dbae,false
Courtney,Olsen,interdum.sed@icloud.couk,1-246-526-8631,E1D14BB8-2C31-858D-59A3-E0D864C90147,Vị Thanh,IMR06DWJ5PY,#0bc5dd,false
John,Shepherd,vulputate.risus.a@protonmail.ca,(399) 661-1142,EBC6DCB0-8157-9B3E-3C21-E36AF65EAFB3,Santa Inês,SYL67IYQ6QO,#ff1e8b,false
Camilla,Travis,quis.lectus@hotmail.ca,1-772-466-7082,1441961B-290A-1EFB-3422-6B1884D9C9DF,Greater Hobart,JUK84XXK2CC,#bdf274,true
Allegra,Holden,morbi@aol.com,1-369-741-6693,F8BE65E2-D423-DECE-D47E-5FB75E1F5A37,Menai Bridge,WMB64VWX2BV,#eaa8d4,true
Maia,Nixon,mauris.rhoncus.id@aol.com,1-674-151-2656,979CCCB2-904B-22EA-682F-BE8C8D1639CE,Banchory,SBT24GJM1FE,#cb47ed,true
Emi,Serrano,et.eros@protonmail.org,1-549-945-5631,C88E0EE0-23C4-F38C-1F91-F16741888B7F,Troyes,QBY22WTS2LR,#151fea,true
Declan,Riley,vivamus@google.couk,1-539-862-4237,D661D230-CC9C-1A2B-0E7C-183DB1634EAD,Baiso,SAG32RYB2JS,#870523,true
Kirestin,Edwards,eros.nam@outlook.net,(968) 471-4552,D4F37441-37B9-24B8-EC1A-A1C5623596F4,Hagen,LIL64DHI9NR,#b4f972,true
Damian,Benjamin,conubia.nostra@outlook.com,(635) 383-2377,25A3565E-B73F-2A3D-12B3-9F3B36AD31C8,Borghetto di Vara,CCB22XYK7TF,#28aecc,true
Vladimir,Ferguson,cras.convallis@outlook.couk,1-364-431-7575,DBCE493B-C7D8-22E3-4B63-D2034C1C9410,Armstrong,JCA64QSJ3EA,#42c48e,true
Ariel,Jacobson,at@aol.com,1-548-154-1659,20434245-AA61-C2A2-7980-1138989C8077,Paiguano,RQJ01GRB3SX,#6947d1,true
Scott,Bernard,iaculis.lacus@google.edu,1-623-471-6278,E6A4D8A8-BA84-B851-8ECD-55699A62E1BE,Chihuahua,XHF66CUX8XK,#5df77a,true
Elton,Price,convallis.in.cursus@google.couk,(248) 291-8652,6B58C09B-B862-AA32-AF53-E32DF33D450B,Bellegem,QUP65NQR2TI,#e0313d,true
Salvador,Moses,mi.duis@yahoo.edu,(650) 840-7799,6B8FF079-1286-2A2A-8883-F69B45E58411,LaSalle,YCY02WOJ1FP,#d87300,false
Cherokee,Rose,curabitur.vel.lectus@google.ca,(627) 414-4307,C8D60D53-D4AA-96F7-E45A-9C70CB2DB1D3,Greymouth,KUB00JNH1FW,#2ba2af,false
Troy,Palmer,nunc.commodo@aol.couk,1-584-611-6052,613C1479-E68B-6471-A85C-C6818580CEC2,Kavaratti,JLQ36NII0WW,#4ae028,false
Lillian,Mayo,nulla@google.net,1-729-572-7737,61126169-9436-1F09-B097-12B5C2A0BE48,Juárez,TNE47RCG1BE,#017712,true
Charissa,Harris,in.mi@icloud.edu,(796) 727-4438,569E6B3A-0CC5-5C89-7CEB-E6574ACD910F,Siquirres,XUW96TIO8ZV,#40ce27,false
Colette,Maynard,nulla.facilisi.sed@yahoo.org,1-742-343-2712,377A2881-EED1-6A8A-8415-A3BC97CAC6A6,Laken,GSG50ZFI6BU,#f2598f,false
Azalia,Buchanan,semper@google.net,1-985-416-6327,682FD2F4-A832-C35E-15A3-1B822437A090,Puntarenas,EKR75SKX5IV,#5845b7,false
Nola,Carroll,elit@hotmail.net,1-406-337-6729,53038327-9655-632C-392A-8549456083F6,Legnica,SHN14FZC9HP,#fcb900,true
Amal,Hatfield,mi.felis@yahoo.org,1-788-243-2562,167F9C95-52A0-5C74-372D-3E6FEE94D64B,Banjarmasin,VDR63ULY0KK,#fff354,true
Bryar,Nicholson,malesuada.fringilla@icloud.net,1-888-875-6451,E54E0817-E9A8-B475-F439-1A14E75A69AB,Diepenbeek,NUX78YWY2ON,#be28e0,false
Reece,Reynolds,sed.nec@icloud.org,(221) 777-6533,C2CDBCA7-3A85-8A46-D81E-A57C7864DDA5,Itanagar,ITO73UED4KJ,#ed97ad,false
Mannix,Castro,facilisis@hotmail.net,(666) 250-5573,C868108C-536A-2461-288F-2557421E83FD,Aguacaliente (San Francisco],YXO15JQK6YM,#8bf470,false
Bertha,Camacho,lacus.quisque@protonmail.edu,1-264-313-8255,7B51B229-97CF-8A79-A84C-82E3D86FC1E3,Bleid,EGR59HBT8MQ,#3422f9,true
Carlos,Bowen,cursus.a@yahoo.com,(813) 649-7668,978A0DCE-F78E-AAD2-2A78-B6C1AA43F07B,Fujian,XLS90ECX8WL,#40efde,true
Faith,Bass,nec@protonmail.org,(350) 780-7573,28D94698-85C1-4211-7D02-B05F0833D65A,Yogyakarta,KBS49XGQ4UP,#a6db60,true
Kieran,Oneal,malesuada.fames@hotmail.couk,1-748-240-3775,D17858D4-777D-525F-6A17-24B91751224E,Gebze,SVK77KKJ0IH,#ba311b,false
Dana,Harper,ac.urna.ut@hotmail.com,(435) 127-7714,1B7CC5C2-99EC-3949-C3C1-E914E7FE47C3,Liaoning,VVC34KFV1RP,#d1bf1d,false
Michael,Hensley,orci.tincidunt@hotmail.couk,1-673-910-7642,B373DB98-148D-2C6C-89AC-AE5573DCA474,Indianapolis,GSF96GPS5EX,#aedaf9,true
Olivia,Valencia,dictum.ultricies.ligula@outlook.couk,1-116-367-0851,FE50D2A8-D2CF-C6CA-554F-9C9488D213D5,Wangaratta,UNV09SJL0DJ,#db7908,false
Ora,Norton,eu.eleifend@aol.org,1-784-754-3578,D55E87E6-D7DE-7B9F-7D27-47CFFBC2DB3C,Battagram,GKV09OKB4UT,#68c42f,false
Vladimir,Morin,luctus.ut.pellentesque@outlook.com,1-751-117-4358,6596FE86-8E3A-B8E7-AE9A-77C2382C6195,Kupang,CLH73XOH6WL,#3a2d99,false
Cooper,Salas,curabitur@google.com,1-181-861-6761,345FA5AE-65BD-791B-C926-9A98C96E25E4,Wageningen,RGK23OXN6NV,#b40be8,true
Drake,Hayden,ipsum.primis@outlook.net,(982) 257-8766,08E9E9B1-BB49-5177-EC1B-2CC4E4459BC7,Agartala,NRV61BON6ME,#3857a0,false
Austin,Greene,purus@outlook.ca,(807) 365-6358,21A611F1-B8D1-E588-EAD0-797AFA95090A,Gorontalo,FDD15RTK3ZS,#f5bbf9,false
Naomi,Lindsay,at.augue@yahoo.com,1-806-555-9804,F394B3AD-7212-E5C5-6408-2575D8B219D3,Le Cannet,YLE65FEB0KO,#e8c188,true
Kenneth,Cooke,malesuada.vel.convallis@google.ca,(718) 825-9185,64A4EC13-50F9-5997-8B97-434EBCAAF102,Greymouth,WMR79JSF2FI,#43aa20,true
Oscar,Bond,rutrum.justo@protonmail.com,1-724-425-9816,7A9A7E5B-668D-C5D8-D7B6-14BAB1A787F5,Finspång,GZA86SJB1IQ,#499cbc,true
Fletcher,Mcfarland,elit.pellentesque@aol.net,(355) 871-2345,62E73C21-A27E-3BAE-9CED-F3B31AADB1C7,Owensboro,RMP65PBS3WF,#e57349,false
Kylee,Phillips,vulputate.ullamcorper.magna@protonmail.net,(828) 934-4178,3EAA45DC-8EEA-7D53-A56D-BE3817D96238,Rechnitz,MPL96RXP5GV,#d6a215,false
Xena,Hartman,cubilia.curae.phasellus@yahoo.com,(871) 793-5735,34E69E32-D6C3-E8E1-EBBF-EDA6C200D0C7,FerriŽres,NLH66WTC3KA,#e281bf,true
Jamal,Hines,amet.luctus@aol.edu,1-425-416-4433,91D29797-C411-9ED3-B8E9-2D5E4B107B27,Bruck an der Mur,NLV74HFY6BJ,#dd255c,true
Wing,Quinn,et.risus.quisque@aol.com,1-812-794-5291,A89C9B75-34E4-B292-19CD-C633B14597C5,Kendari,IHN20KNH3XQ,#c6ea77,true
Rae,Mendez,orci.lobortis@hotmail.org,(674) 984-0615,12E4FAA3-D665-BF78-E44D-5CC7ADDF3345,Wonju,YTY02UZX7BE,#48bf39,true
Mannix,Dyer,faucibus@hotmail.ca,1-942-798-1651,DD4CE7CA-E7C3-4B2A-9B4D-735B11BC8DCC,Ceranesi,WWG16MFP7FR,#c4ceff,true
Demetrius,Gould,metus.vivamus@hotmail.com,1-511-586-8402,6EAB5EDB-0B24-79AC-27A4-773677B7BB44,Cork,ETC11XUK2BP,#d6ffaa,false
Guy,Lucas,luctus.curabitur@aol.ca,(456) 865-1633,61AEFE8C-8743-0C42-D719-332C3CC1A378,Bydgoszcz,JMP71CGP5HI,#ffcce6,true
Acton,Meyer,convallis.erat@outlook.ca,(673) 851-5456,8A5EBD94-32D6-98B1-056C-C0BA772BE6E9,Dublin,WWX69FNW2XL,#db3f8d,true
Merrill,Welch,enim.sed.nulla@protonmail.net,(795) 688-1716,8AD479C9-6D4E-89CD-DCD3-744B75A76462,Gols,JUO37QRV2LY,#3d92c6,false
Warren,Lancaster,aenean@outlook.net,(427) 223-3498,AA7B669C-1C29-9E28-1D2F-69AA49B6857C,Las Palmas,SRF88SEF1QK,#5d41c1,false
Summer,Wells,vitae.purus@outlook.ca,(585) 936-7714,B2EBE826-8CA7-7AC6-D6F8-7162EA51A0E3,Valdivia,LTW42FDC2GT,#00c964,true
Dana,Woods,varius.nam.porttitor@outlook.edu,1-627-466-2036,616A159E-9D08-EE35-3C67-01BD344AA599,Judenburg,MLE67MRQ8DT,#4208ad,false
Chandler,Stout,ante.nunc@icloud.net,(660) 809-3290,DE6D6E6E-EC15-49B9-6975-4B5E41A2B61E,San Rafael,SFC74QBP7OG,#ffccd7,false
Ray,Berger,in@icloud.ca,(467) 192-2283,2D6BCED8-93EB-342E-165C-2B49EB83DFA9,Vlezenbeek,NKI72VJQ3SJ,#e2bb1b,true
Kirsten,Anthony,parturient.montes.nascetur@hotmail.edu,(528) 966-8106,B8616454-CB34-EBE8-EAD4-C9D5A6AB3A4E,Baunatal,GCD77FUD3WS,#9273d1,true
Cedric,Harding,ullamcorper.duis.at@icloud.com,1-907-444-5295,428A8DF1-B7D5-758E-EA6A-614910DFD5BA,Charny,EHG16GQB5NZ,#f7bd76,false
Cole,Kent,in@icloud.ca,1-874-666-3822,BAE44590-5DE1-CB59-34DE-D35E7DA7CA7A,Fort Laird,KJZ76MHG6HT,#e0c111,false
Rudyard,Sparks,cras.eget@outlook.org,(695) 288-4865,9B494753-C722-4F9E-28EB-041B7DC21AD0,Imphal,WKQ02KQK5MW,#f9525d,true
Travis,Peterson,sem.magna@yahoo.net,1-386-972-3172,EE1FFD23-145A-EA5D-B113-EC94A6D29521,Newton Abbot,LTE84CGI4TN,#236aa8,false
Thane,Johns,in.tempus@google.couk,(768) 704-1005,D98CC798-98C7-371C-685E-4E0E5CBEB2DC,Los Mochis,DFI47IXM3GI,#253aa8,true
Derek,Hicks,enim.suspendisse.aliquet@icloud.com,(371) 326-2895,B7CB7D75-A97B-7788-943B-2A6EE23E6765,Saarbrücken,YTY27QPH3DN,#ea5d88,true
Bradley,English,nibh.aliquam.ornare@icloud.org,(657) 648-7479,509049FB-27B2-70B3-D54D-1EF29A3FFAD4,Santa Bárbara,DSX28DUM3ZY,#57e2f2,true
Xander,Hernandez,accumsan.neque@yahoo.ca,1-423-727-5176,723EA64E-6413-5F89-8D96-059BF63FC02A,Nelson,OSB39KAU1OT,#eae583,false
Darius,Garner,diam.lorem@protonmail.edu,(738) 204-8285,95A253EC-0E52-4ED7-0413-2115EEFDC79E,Yên Châu,WLK75MWE3GL,#fca4b4,false
Susan,Vasquez,quis.massa.mauris@hotmail.couk,1-650-248-6138,FDAD946E-246E-36F7-8C7F-692479158968,Balclutha,TCI31NCX8RT,#8023d1,true
Cain,Snow,duis.ac.arcu@icloud.couk,(839) 320-4255,E6D5251E-F838-DB4C-1653-53C2C80847EC,Hudiksvall,LGE21JDS5RF,#72ff56,true
Claire,Fulton,imperdiet@yahoo.org,1-753-403-0274,B72E218D-38AA-A2EE-2F85-27B89A85831C,Phan Rang–Tháp Chàm,GDI24AKT3RO,#103275,false
Maia,Richmond,eget.metus@protonmail.edu,1-148-773-1178,73ACBCA8-2686-45B8-4783-19F9337D978E,Belo Horizonte,PUO81YUT1SC,#0b7c07,false
Heidi,Curry,lacus.aliquam@outlook.org,1-534-541-6793,1A16E28E-6ED3-5833-9393-A7E394449A7B,Castel Maggiore,AIZ14QJM8HO,#b4ce3d,false
Susan,Guthrie,at.libero.morbi@protonmail.couk,(973) 388-3874,19CC42DE-E87B-16DD-1A49-E241D4325B19,Brandenburg,FXQ31RTQ1QP,#f497fc,false
Adena,Owen,et@yahoo.net,(646) 932-6921,E862168D-D388-0858-F69C-46CE4397E9ED,Rengo,PHA71ASM8HS,#f23ee3,false
Phillip,Rios,pede.cum.sociis@icloud.couk,1-598-612-2586,23722E76-CA2C-6768-159B-CE87C3139013,Buenaventura,KZQ53MYQ5XY,#b56b05,false
Claire,Richardson,rutrum.fusce@hotmail.ca,1-106-326-6313,BDF244C8-88FF-9769-8D6A-5434ABE57FDC,Jafarabad,LRM71LKF3SU,#ef2da2,false
Audrey,Singleton,semper@hotmail.edu,(705) 263-7157,4E5CBA9E-923D-34AE-436B-305EBB031CCC,Dos Hermanas,KLF96NNG2IQ,#d4f298,false
Isaiah,Bean,egestas.nunc@hotmail.couk,1-553-250-8807,9D2AA338-7221-8CAA-1623-DBEBB8262B10,Suwałki,LIB66CYX0JZ,#efa5d6,false
Oleg,Harrison,volutpat.ornare@google.couk,1-511-661-8904,5BCAAC2F-6F8D-B415-922F-6C0EB7AF6E41,Floridablanca,ASM48MBY5MV,#f4abc3,false
Kamal,Sweet,libero.at@hotmail.couk,(476) 674-1635,78ED9D89-5C32-74FA-170F-74F7657107EE,Yurimaguas,XFA94UBU2ZM,#75f994,true
Evan,Bass,suspendisse.aliquet.sem@aol.net,1-682-713-3423,8A778CA5-3A76-EB64-4120-7A263E7C8EAE,Gojal Upper Hunza,GFP59ZCR1CK,#02e888,true
Rahim,Holland,a.sollicitudin.orci@hotmail.ca,1-804-386-4231,5B600D3B-DD42-A28B-01A1-21454C3411E5,Anchorage,VXN88XGM0AO,#ce9a31,false
Karly,Rich,sed@yahoo.couk,(371) 246-6418,1E5C36D8-DD81-8C06-8D3C-3E4AB1951D7E,Macau,GYY96WLL2BD,#ea5266,true
Kessie,Roman,sit@icloud.net,(776) 871-4822,841E154F-DE53-3901-3AE7-687E15D7B706,Köflach,MOW93NOD3YU,#ef4cd9,true
Tate,Sims,dolor@protonmail.ca,1-631-622-9628,256A4345-0695-A754-1199-C538D6818AE9,Liaoning,JEP42OJQ6DT,#6b8dd6,true
Jemima,Tillman,nullam.lobortis@icloud.edu,1-952-630-7304,4237551C-F49E-8873-7863-4DB4639C312B,Alanya,DXC51TRH0VR,#2d2387,true
Hamilton,Bullock,tellus@hotmail.org,(696) 950-0138,1CC54633-1D45-A752-45D8-46B816E69115,Arequipa,LGD72DKT6CQ,#d485db,false
Elliott,Navarro,eu@google.net,1-723-408-6555,76393D54-4F5C-B443-3C09-934885E2A6A8,Vienna,JKR22KOO4XS,#86f9d7,false
Tate,Lester,primis.in@yahoo.com,(453) 879-8595,39CD998E-5E1F-9C48-ED87-AE796D9F5172,Sint-Agatha-Berchem,YLV68RVD8OP,#069acc,false
Theodore,Haynes,mauris.a@hotmail.net,1-627-512-2776,9C258EDA-4EA3-E09E-3C38-BE5B4761366E,Saint Petersburg,VRS63BPV5GB,#f47caa,false
Halla,Brooks,quis.arcu@aol.com,1-530-904-5488,585C1AD4-5757-D26B-146F-2EBBD65AA765,Pondicherry,BGG10TER2FN,#db67d5,false
Phelan,Frank,dolor@google.org,(303) 602-6125,EEB6DCE9-952B-B563-3E5A-250B227A0C1F,Suncheon,NJB88PYG7UU,#2d50af,true
Flavia,Forbes,parturient@icloud.edu,(816) 443-1829,EE48C1C1-AC5D-92C6-1DAA-2EBCFEFAF42B,Muzzafarabad,LXH79IGS7KZ,#d7b8f9,true
Kim,Santana,vel@aol.couk,1-976-775-8376,274F916C-F315-9D63-D73E-AF3B9D522D43,Palu,DHS51QOX0UK,#ead67c,true
Fritz,Koch,tempor.erat.neque@google.org,(530) 381-3232,FB9AA22B-2F65-B6D8-38A9-DDA66430944E,Niterói,QRB01VGL8CU,#f2da9f,false
Magee,Hernandez,risus.odio@yahoo.edu,1-931-423-6766,D51AF1B4-7111-B3CB-38A4-BD980BAE80BC,Pettineo,JVW16KFT2FO,#98f2c0,true
Shelly,Berger,sem.nulla@yahoo.couk,(182) 719-2653,7AC542C9-35D4-B898-E2EE-4709B46EBD33,Pachuca,TYO93VKU3WL,#25f725,true
Rafael,Blackburn,tempor.augue@yahoo.ca,(404) 170-7674,C11E6736-F460-C865-94F0-B29BF61775CB,Bristol,EYO47MOH3ZS,#15bfbf,false
Leigh,Jennings,erat.sed@yahoo.couk,(682) 356-4308,73628EE6-4953-42E1-F926-C47AC728A251,Shaheed Benazirabad,JFJ93RSN1TN,#45efe4,true
Elton,Bender,lobortis.tellus@protonmail.org,(641) 555-8572,B2814EE9-9788-21DB-CEE5-999F75E5E6DA,Aizwal,JIW68GBQ4UW,#f49b8d,true
Phyllis,Mcconnell,sem.nulla.interdum@yahoo.edu,(668) 818-8243,E8858DB6-4047-2579-A2E4-509C8492BFA7,Zwijnaarde,KEI14UOR7DX,#e877ff,true
Sylvester,Dickson,ante.bibendum.ullamcorper@protonmail.couk,(158) 844-8706,6129BAE9-6CC9-8B78-7332-DCF1BF8396CA,Retford,DQJ31WRQ1FN,#75c3e5,false
Nadine,Daniel,aliquet@icloud.ca,1-542-570-3685,19139370-8C34-654B-6722-9F780B6D0EAD,Kaluga,VJF11PGK1IF,#c1ffb2,true
Evelyn,Roman,in@protonmail.net,(400) 222-4401,BA599B94-C5BA-3174-4870-63313AB92533,Itagüí,MLH29USV4GH,#9971dd,true
Isaiah,Page,molestie.arcu@outlook.org,(536) 223-6083,31912662-FA36-488C-AE1E-AD929D9E3CD2,Falun,NWI26AJS3JH,#97d861,true
Knox,Rodriquez,dolor.nulla.semper@outlook.edu,1-256-472-2774,4B0EA553-96E1-92FC-4097-379E3ED01558,Sousa,OMH46VLK0WQ,#b525dd,true
Dolan,Wilson,urna.et@google.com,(148) 524-4946,A46CAE3A-E2A4-F646-291D-662B4116327F,Rotorua,PUB97UYE4ZO,#a706cc,true
Rachel,Whitley,cubilia.curae.phasellus@aol.org,1-285-299-5125,57696705-A755-F417-4AD8-1C59C89205EF,Knittelfeld,NWG57KMJ5GK,#4207b7,true
Karina,Buckner,facilisis.facilisis@icloud.ca,1-772-169-4372,7456BB9A-57A2-723D-E63E-D746A546EBEA,Almere,HMJ73DHC3MA,#9477d8,true
Faith,Willis,at@outlook.com,1-377-138-6416,175CAB1B-BAD3-0182-6611-91E3B6A6D47F,Penrith,WFM83KCF8VW,#94ed93,false
Dahlia,Hampton,sit@icloud.ca,1-282-986-7161,F48E198B-D32E-49EA-C1E3-1CB1EB1D6621,Charlottetown,RHC70TJY3NV,#fc8391,true
Stuart,Nieves,eleifend.vitae.erat@protonmail.org,(532) 911-1437,445FBADE-4F67-81B7-42A4-8FF75ADCDFDF,Beijing,ZMO77IET3KX,#11bf99,false
Baxter,Meyer,urna.suscipit.nonummy@outlook.ca,1-323-461-8431,4D6B1397-4BB0-BB19-1CD2-E30185253669,Tuxtla Gutiérrez,JPQ60SMP7WM,#f9885e,true
Joshua,Mccall,quis@yahoo.org,(678) 144-9918,CE28E347-054E-357B-CC87-D216DE6E8C22,Galway,COS13CDY3HR,#9bdd3e,false
Jason,Juarez,et.rutrum@protonmail.net,(245) 332-1587,6DEF42C9-7D38-3A21-F4BC-8D9BA2667957,Cần Thơ,CYT82FZW7FY,#5d77d8,false
Omar,Owens,hendrerit@aol.net,1-255-339-6515,570435B2-9BA5-A495-FD83-6B90D795E1D6,Mitú,MOF84UCC8YO,#ff5b94,false
Paul,Wheeler,purus.gravida@outlook.couk,(788) 685-3668,6B7F1577-698B-5367-186C-21A6DF9B5756,Pondicherry,TTH48HJM3OE,#ed6a82,true
Quamar,Todd,aptent.taciti.sociosqu@hotmail.edu,(266) 148-0413,D9CAE59B-E441-4E47-2817-3961EE695D19,Saravena,ZPQ43SGV6DZ,#c44a4e,false
Cara,Coleman,euismod.enim@aol.ca,1-682-237-6632,C7851D02-814F-1E29-772C-8124CB1B6D82,Tarma,HFO08IHJ2US,#20ad8c,false
Amos,Nash,aliquam.auctor.velit@protonmail.com,(553) 502-1663,AB6C5CC5-C49D-07FA-B1B9-5679506242D3,Haridwar,EPC66LJC7UT,#efa89b,false
Deborah,Hensley,cras.lorem@yahoo.org,(558) 153-9967,5CB8DD9B-0113-BB94-C9A1-04A1C7B730E5,Alcalá de Henares,FLG66QFY3GW,#20e206,false
Joshua,Payne,eu@outlook.edu,1-442-845-9045,4E34996E-5BDD-7F71-8B7D-45E32D252040,Piła,HTN55TTO6TJ,#f9dbb8,false
Gabriel,Evans,vivamus.nibh.dolor@protonmail.org,1-390-738-6512,1AB44346-782B-2B93-C41A-86617314ACF2,Vetlanda,KNQ71KNE4CX,#d1348f,true
Sonia,Welch,magna.tellus.faucibus@icloud.net,(777) 938-5255,B63E1D75-CBED-05DB-F8F5-A171901D75AC,Ijebu Ode,YMX52BPV0PR,#cc7c14,true
Oliver,Velazquez,sociis.natoque@aol.ca,(482) 401-0841,0C2C3DD3-7F35-D0C2-4D49-DAB3173C1771,Chuncheon,KZQ65EDT1DL,#397dcc,false
Ciaran,Schroeder,nibh@yahoo.edu,(312) 156-1485,E17D6823-EE8E-D9D0-D5D4-05178EBC881C,Temuka,XSC27QHP6MX,#749df7,true
Briar,Dillard,morbi.metus.vivamus@icloud.org,1-183-466-8218,82A88C72-725A-3BA5-5836-1C3540AC1E9C,Saint-Malo,YYU11QOT8NJ,#30a7c1,true
Colin,Johnson,risus.donec@protonmail.org,1-545-976-7512,7AA7D6FC-2960-DA76-BDAA-4876990C6233,Höchst,TSL52NKZ1RW,#f28ecd,true
Jasmine,Thornton,dignissim.tempor@google.org,1-279-846-2521,CCD5DD16-BB24-465F-E469-406E5C765653,Lidingo,CJL16BRB9JA,#aefcd7,false
Amir,Nunez,proin.non@aol.net,(733) 675-8863,2736C77B-EACF-27E6-0EEE-EB149DE33AFF,Plymouth,UJK39WYE7RE,#2593f9,true
Hasad,Greene,mi.eleifend@icloud.net,(761) 461-8322,DE36A6EA-C18F-9B49-7176-75DCA9B29CB6,Okigwe,HDY05FNK3UJ,#36bcb3,true
Brock,Dixon,et@yahoo.edu,(788) 985-5425,8E555DEE-5822-AD29-1733-B1EFE0E3E676,Waiheke Island,QVC51XLF4CZ,#2cea36,true
Aaron,Hurley,lobortis.nisi@icloud.couk,(563) 649-2812,9FB6B7E5-2CBB-EF5B-9155-35091A1B6836,Gunsan,BOI37PPW8XT,#e2431f,false
Alvin,Morin,elit.pellentesque@google.edu,(670) 661-3389,E7A91612-BE1E-D720-9650-4EC987330B89,Saint Louis,NMB20RVS0MQ,#ef94b9,false
Emery,Bernard,curabitur.dictum@hotmail.edu,1-523-671-7882,B562C782-4AE2-75DD-8E16-1C37858D01A7,Iquitos,PQE21RST4BK,#ae7adb,false
Sybill,Warren,litora@outlook.edu,(463) 979-3386,E638B8BA-7224-48C7-9D25-D7B7BA519BCD,Bergen op Zoom,XVQ45XBN6GD,#f98511,false
Demetrius,Wade,nunc.ac@outlook.com,(242) 303-1616,AC3E6A49-D581-FAF9-B226-1F19138FEFE1,Bregenz,DCN83KUR0VQ,#bae273,true
Urielle,Carter,nunc.ullamcorper.eu@google.com,1-281-585-3227,BA1B05E6-5B2A-3278-3316-D769FDB8233D,Kotli,XVE73MER8SE,#e0993c,true
Miranda,Larsen,consequat.lectus@outlook.ca,(846) 839-0468,4DEB1D44-1B88-FBD5-C943-BCCD06B55519,Dörtyol,JVZ54GNW9HQ,#e29478,false
Russell,Vaughan,dapibus.ligula.aliquam@protonmail.org,(662) 212-3765,151A2B11-F86B-9B8D-839A-D6BCBCAC2077,Pulderbos,LSQ29TUB4WV,#a2c8e5,false
Lane,Chase,felis.eget@icloud.com,(842) 658-8179,906A0688-E09C-A122-ACA2-B4105F54883C,Vinh,NYG12HDS6PN,#cc18c6,true
Rebecca,Richmond,justo.sit@outlook.couk,1-685-207-3455,EC7CF564-1C57-8C4C-2E77-7D2A98AEB3A5,Irkutsk,XGJ22QZM6BJ,#40f956,true
Amal,Burke,amet@aol.edu,(885) 216-6818,3CDC8674-591B-0B9C-5229-6AF77E4CB48C,Campbellton,HRX54YNC8TY,#fab5fc,false
Jeanette,Underwood,aptent@google.ca,(465) 976-5719,DB0DCC3A-B979-A5A5-91E0-87DB538B4C9F,Täby,ERD37UWJ3XI,#c38be0,false
Riley,Herrera,laoreet.lectus@icloud.couk,(635) 771-5370,C8F4141E-35A1-A5A5-81DD-CCE31EE6497A,Gia Nghĩa,LCW77GDK6GM,#549dd8,false
Dalton,Lewis,ligula.consectetuer.rhoncus@hotmail.edu,(619) 525-7211,79B62CC9-ED83-928E-9F61-DA221E9E6504,Gilgit,OPP73IIO3DX,#17d83b,false
Jolene,Booth,ornare.lectus@google.net,(843) 693-5369,D3264354-1966-19EC-27D9-6B5490B232B0,Muiden,XET65DNX2BI,#dd04ed,true
Cade,Mcfarland,eget.varius.ultrices@google.ca,1-852-471-7376,73A6F068-24E8-7DCE-44DA-E1180D154B5E,Bharuch,MGQ81FRX6OB,#8255d1,true
Kennan,Bright,malesuada.vel@outlook.org,(532) 213-5445,811A7ED8-75BD-C0DD-3161-E2ABF11BE523,Port Blair,ZVP31BQW5LW,#a4f78c,true
Hyacinth,Ayala,ridiculus.mus@google.couk,1-341-317-3232,64A9B174-12D1-435B-A865-89D2087356E6,Aserrí,UEN63PIV4TL,#72eaaa,false
Garth,Beck,sollicitudin.commodo@outlook.couk,(271) 666-3283,69C51E35-3A34-43A4-F78B-6AD690520837,Daman,KEH92TOW1TX,#4ed3a4,true
Thaddeus,Salas,sodales.purus.in@protonmail.com,1-865-556-4261,5A2D5F43-DE48-F866-1EBB-74A981649724,Katsina,MZS50DKC0WX,#0848a8,false
Cheyenne,Higgins,sed.sapien@yahoo.org,(402) 363-8340,761008A2-1788-9824-E5B1-2B555681D256,Appleby,UVV44XSX9SE,#9df29d,true
Chester,Mcgowan,tellus@outlook.org,(424) 273-6712,945DCC7B-DD47-7EC8-2732-B13F4F0469A4,Koszalin,NUF46CDM1TH,#f4bbb7,false
Kelly,Weaver,risus.quisque@yahoo.com,(163) 608-3570,568D2C69-677D-3699-FE4B-7FE89131B29E,Landshut,RRR36YBC1FM,#8fbf2f,true
Doris,Lindsay,magna@aol.edu,1-825-877-4624,4B76AC96-3779-E284-4FD4-2231D7B3EFB1,St. David's,TCU04CXF1SN,#0723bf,true
Kylynn,Franklin,dui.lectus@protonmail.edu,(618) 806-2122,49CCAD66-4A2A-B42D-ECCA-795ECEEA59CE,Fraser Lake,SJM06VXX6IP,#f2d5ae,false
Colorado,Dunlap,justo.faucibus@google.com,(747) 861-3503,87EBC71B-C9B8-6A6A-4061-9D268696C75A,Shimanovsk,TJL13ABN4QL,#223484,false
Jacqueline,Hubbard,ut.nulla.cras@google.edu,1-222-368-5302,6DC97CA4-5252-56EA-8586-4D2D4127FF1B,Broken Hill,RTA16XHM4KI,#4cdb8f,true
Cassady,Manning,sit.amet@aol.edu,(642) 265-3501,A711E88D-E61C-3B90-6E92-DBE7297A4F99,Colmar,MVN23WBY3VV,#2c4bc9,false
Uriel,Foreman,lobortis.ultrices.vivamus@hotmail.couk,(285) 536-7244,3C29A128-54F8-277B-01AD-6235596A381C,Sambreville,GUG12JYM6TK,#d852a2,false
Jerry,Tillman,lobortis.tellus@google.ca,(589) 928-7057,456B9C3A-52BC-21CD-D5A4-D5CAA81C77AA,Okigwe,DMK43LZW6QF,#edfc7e,false
Unity,Lane,mi.enim@yahoo.com,(603) 740-3785,233C96E2-F6E8-284E-A961-811763476BC1,Santander,HMS58ICX3LD,#f7f383,false
Tanner,Terrell,eget@google.edu,1-745-152-9441,DCE0D9AE-B226-C591-3141-44C818A46B57,Vitrival,DMY96PIN5KP,#60eada,true
Dillon,Soto,adipiscing.ligula@aol.edu,(666) 936-0620,A7399B8A-D6DD-AA15-BD3B-768E03220D9A,Schwalbach,WDT15GMV7CC,#fcbc19,false
Emma,Willis,montes.nascetur.ridiculus@yahoo.org,1-608-881-5848,9163C973-293D-AB9A-EC48-5126752DF3B1,Montbéliard,ZVD18HGU7CP,#acd147,false
Castor,Adkins,porttitor.scelerisque.neque@icloud.couk,(832) 988-7688,0C28B460-2675-3DCB-5B07-221F492DD929,Shrewsbury,FPX84BAO2BE,#1dc174,true
Cain,Mullins,ac.urna.ut@protonmail.com,(474) 756-3727,7DE172EE-ABFC-1956-8EC5-3829566556E3,Annapolis County,BFA11TFG1CS,#29ad64,false
Chancellor,Heath,metus.sit@protonmail.edu,(270) 810-3752,6FA21B18-7B52-9EE7-1487-391E681D5569,Vĩnh Long,UVG29IXW1UN,#eada72,true
Sharon,Nelson,nunc.ut@icloud.org,(777) 139-9891,8C60D9A9-DF6E-2042-2A7E-B04D8B108DAB,Zutphen,HQB15AYR2LV,#98f738,true
Brendan,White,quis@google.org,(308) 329-6349,40431555-1D4B-EBF2-F077-2BFF3B44C80B,Thatta,DQY46DBE9FJ,#20aa01,true
Tatum,Ortega,quis.urna@protonmail.com,(919) 488-2822,46483A49-7B8B-DEC0-EB2E-ABE06FC0D388,Santa María,CEU56LIP8XQ,#0d9163,false
Aristotle,Carroll,elit.a@protonmail.net,1-428-365-0822,B27F1DE9-2766-7450-4965-719D54831D56,Pangkalpinang,CHP11XXM4DN,#55a31d,true
Francesca,Martinez,sapien.imperdiet.ornare@google.com,(341) 844-5706,6E4E3981-86BB-832C-BEDC-A056A3DE4888,Brest,DUG42TTX5UI,#d1fcae,true
Yoshi,Montgomery,proin@icloud.com,(764) 354-5666,9197A8AB-3A35-BFD2-B8E6-34862FBE95A3,Thirimont,OIH48HFD3CS,#3881bc,false
Zeph,Rodgers,molestie.tellus@icloud.org,(894) 852-9155,4EDE84D1-1ABA-E77A-9C95-3528727A8775,Ijebu Ode,MFE54WMB5ME,#4e178c,true
Noelani,Diaz,nisi.aenean@icloud.couk,1-719-267-3352,798E954B-A964-52CE-B858-5853F3F2B2CE,Gjoa Haven,JWQ12BKL7OO,#ce2b85,true
Florence,Huffman,sit.amet@icloud.ca,1-714-715-8826,710D47DC-8BEC-B51E-B8D9-36DA0D1B47E5,Rangiora,PUR76XGE5JM,#d82d88,true
Akeem,Patton,felis.nulla@icloud.edu,1-783-372-8057,0537D61D-5C97-75EB-423A-6D8EC9F24288,Cork,UGP28XES5BG,#4a93d3,true
Rudyard,Mckee,et@outlook.net,1-414-747-4840,551E3CD1-F873-3A33-1A29-87BBC985E951,Gary,MIK54RKQ3RR,#e283a8,true
Scott,Brown,quisque.libero@protonmail.couk,(595) 316-6252,24E1B456-E856-4602-D49B-DB4C4B7E3181,Calarcá,JYU36THV4ES,#f9dda9,true
Jaden,Whitaker,eleifend.nunc@icloud.org,1-336-577-6605,5ADBFA25-CC50-52D3-F308-8DA980F8F437,Mokpo,ISF72AQO3WA,#6145e0,false
Avye,Lucas,rhoncus.id@aol.ca,1-407-244-3385,855444C5-4505-1A99-713C-5BF1283E7C9D,Louisville,FBT65PUJ4ZY,#6b930e,false
Melyssa,Goodman,sollicitudin.commodo@icloud.com,(201) 431-3441,C529F34C-125E-54E7-702A-0E6E8DEE47D1,Grand Island,WVM76YYG6PM,#fcecc4,true
Candace,Hamilton,libero@protonmail.org,(411) 766-1896,4F822B8E-E18E-78BC-71BC-5C4AA2021CD3,Mercedes,GJV33EYB1EG,#6cf7c4,true
Plato,Haley,integer@outlook.ca,(673) 668-4323,A2D84115-570C-D1D8-C186-58E3CB3A1651,Dosquebradas,GTN26YBJ6KS,#6ea7d3,true
Luke,Curry,eleifend.nunc@aol.couk,1-297-613-2279,CEBB7391-23BF-C165-5559-498709714E49,Tuxtla Gutiérrez,CNJ63KDO4FG,#ddc944,false
Jerome,Dickerson,dictum@outlook.ca,1-867-638-6262,35F94336-CE6A-55FB-14B4-45A1A325A212,Hòa Mạc,SMU86SJR8XM,#8dfcef,false
Ryan,Mckinney,augue.id.ante@icloud.edu,1-459-623-1361,B74AD754-72C6-2819-1847-35CA5291D67C,Bagh,YWB22YQL3QI,#d3ef92,true
Summer,Bernard,dignissim.lacus@yahoo.net,(885) 376-7828,18491831-B9F5-43E5-5A5A-E71DF127DD68,Cajamarca,YTL85XJP7VI,#8d41d3,false
Hop,Barron,mollis.vitae@google.com,(392) 732-2070,E6EBD6D3-A21B-1C1F-EE86-346095D67DC1,Saint Paul,DYR20UOT9NG,#d843ba,true
Bianca,Ferrell,id@aol.com,1-724-531-1305,D981E864-41D7-CD8A-36D4-7A3D685ABD5B,Ramagundam,RXM15HBP1FS,#1900bc,false
Willa,Wall,eu.tellus@protonmail.edu,(219) 708-8404,8488BC09-6D5E-D06D-3222-0BD4744F6AC3,Bremerhaven,TSS29TQR3RB,#ff49e3,true
Uriah,Martin,mollis.phasellus.libero@aol.couk,(876) 936-3556,5CE07243-E323-3836-8F11-682F579A063A,Ivanovo,KSN52RUI2BO,#a29ff2,false
Luke,Mueller,per.inceptos@icloud.couk,(476) 528-6422,6A425BDD-7C2C-5C5C-2AC8-93585B0478AD,Ambattur,WKO55GSH5WS,#71e244,true
Hedwig,Noel,ut.dolor.dapibus@yahoo.ca,1-277-784-9040,EED646AE-479D-05E2-F6DE-E18822456D58,Sloten,TKJ66QPR4BJ,#81e2cd,true
Kennan,Fernandez,in@aol.edu,1-885-373-7454,3353B31B-A6AD-F644-D825-31D7E52D273B,Boryeong,KMI32IMA4KT,#7039ef,true
Tatiana,Walker,dignissim.tempor@yahoo.net,1-427-632-8165,342AE832-9175-AC86-5F91-692B3B036BB2,Watson Lake,VBI11CBO3JB,#f2b0a9,false
Calvin,Jackson,a.sollicitudin@protonmail.ca,1-200-889-5913,8A99975D-19B0-A6C9-E0E2-CCB23D1FA852,Delhi,WRS34VTP7JV,#addb64,false
Nasim,Kim,vitae@google.com,1-913-127-1214,573DF59A-AB6B-1B9C-29CE-E16915AB63DB,Wiener Neustadt,JXV36GGB7JP,#9a31ea,false
Clinton,Combs,nisl.elementum@aol.org,(748) 471-4374,AE5C704D-1812-F1E2-5404-E519675B3254,Hallaar,UDU87DXB1JR,#7d21ff,true
Ashely,Nicholson,ac.arcu@icloud.edu,(631) 244-9637,A7895A41-D1E1-D127-9100-D736D151344D,Hunan,BTE51HVX2DB,#8c5fc6,false
Jeanette,Mcmillan,in.tempus@google.ca,(505) 431-1157,FCCA201A-BFA4-701D-5746-B8C4D174BA08,Gangtok,ZBK33REF2OT,#76e8b4,true
Brock,Jefferson,neque.sed@protonmail.org,1-572-748-1819,04147C34-AF2D-323A-8558-D37EE6D85B00,Kemerovo,VDV65BRX3YH,#7651bc,false
Rose,Welch,ullamcorper@yahoo.edu,1-835-543-7636,BC2B8BA3-91C9-4805-9D37-41AB4CD6DB81,Acquedolci,SEC19PDQ1LI,#d385f7,true
Keane,Camacho,interdum@hotmail.edu,(287) 597-7656,3C1BA245-3EE6-FABE-5914-B56616A79E82,Belfast,QOG52PTE6JN,#e04e6b,true
Tiger,Rivers,vitae@hotmail.org,1-385-316-3501,2CD66D11-7531-355A-B9DC-E2BD242EB6E9,Catacaos,BVL33GDS2OY,#68e289,false
Hasad,May,gravida.sagittis@hotmail.ca,1-655-368-8169,CB04CC6E-EA6B-7482-FA6A-34E9B5D5BDA7,Piła,PJX02RHA1IN,#f9aa9a,true
Macy,Odom,vel.mauris@outlook.org,(310) 243-1168,8EF6BE03-AD74-4F5B-AE75-A7FDD779D545,Southaven,LIW57EOK7LE,#b3a7f2,false
Keith,Hanson,sem.magna@outlook.org,1-858-287-3010,82C05DD4-8C4C-517E-E42A-F168C111B721,Cork,IER02ZFZ7YG,#9de589,true
Aquila,Schmidt,montes.nascetur@aol.edu,(665) 572-2796,527626DE-B875-5336-02B7-E3E7A8849D61,Mitú,IFD30AQR0YR,#34c189,false
Carlos,Padilla,sagittis.semper@google.couk,(991) 811-4485,7FAE44D6-5285-A9C6-7494-183669874B05,Oamaru,XPR77BEG8KQ,#207c8c,true
MacKenzie,Simpson,ac.urna@protonmail.org,(258) 355-8749,58D7DBEB-557D-2BB6-7D49-9329569BCDF6,Cork,MQE16DBE5LI,#f990e4,true
Keith,Melendez,metus@google.edu,(430) 231-2245,A939E5E0-4E44-3655-B21C-740695C11E74,Onitsha,TQF70YQF4DP,#8bed5e,false
Talon,Harvey,arcu.vestibulum@yahoo.couk,(873) 133-4627,302CECA8-A8A6-720D-FEF7-B84A22C4C8A4,Omsk,JEJ04LVX5UI,#356291,false
Karen,Jacobson,quis.accumsan.convallis@protonmail.org,1-721-547-7955,E5D9645A-93E9-8C81-21CA-7D213EDD211C,Spinoso,NKH96UDA5WU,#dda535,true
Kitra,Schwartz,tincidunt@icloud.org,(480) 842-1580,31B62AC1-404E-518D-7451-8212C5E5B730,Zapopan,HCS93HLO8JQ,#ccf3ff,false
Louis,Hunt,enim@google.ca,1-683-677-5221,BE228BE5-04E8-07D2-95AC-49992AE9B670,Parchim	City,NQT22NXN4OC,#f7bba8,true
Regan,Hale,eget.dictum.placerat@google.couk,1-873-223-9180,5394B3B4-E862-B4CC-CCE9-11765D6CE69B,Gravilias,QNK82NUM1SK,#0d9940,false
Harrison,Mccoy,sodales.at@google.couk,1-673-644-3184,64572E36-4AEA-9323-0278-7EAFA29A095F,Puntarenas,LFK66UBL2FX,#60f2b0,false
Sierra,Knapp,tempor.bibendum.donec@google.ca,(735) 751-5383,7E4018BB-16D9-4656-E281-C3C1B5A7F5C3,Talca,CYX75XUO7QB,#c325fc,true
Lee,Lewis,in.molestie@hotmail.edu,1-875-427-1635,DBB1BEC9-1B47-3439-DCAC-6873EBA81E56,Giugliano in Campania,WKM65UDR5XS,#f2b5d0,true
Zia,Trevino,quis.arcu@protonmail.org,(477) 848-7986,C82B8085-B0E6-6673-C3E1-2B422ABA9EE6,Pamplona,UTZ14WRP7LH,#bcd82f,false
Maite,Craft,eu.erat.semper@yahoo.ca,(622) 829-0846,9121FA51-2A95-EB26-4071-3B3B4BC443A3,Pamplona,AKY20YWK7LQ,#89ed9b,true
Nehru,Acevedo,dapibus@protonmail.org,1-268-566-4084,B2371DFD-410B-8B43-59CF-6CB8B656322F,Orenburg,WHL32IER9JN,#f2d357,false
Raja,Knowles,donec.egestas@aol.com,1-994-337-6302,C3765F56-19A8-FFEB-99A7-05D4BAEDF85C,Hunan,CON65BKF0LA,#45efef,true
Ronan,Salas,integer.id@google.edu,1-375-622-0433,8D24D69E-471C-AC68-9911-06C66D9AE75D,Cajamarca,SZA37RSW6JE,#e57b34,false
Rahim,Bean,mus.proin.vel@yahoo.com,1-536-262-6123,E4CA5693-62BE-97E8-BB87-C9C7192867B1,Istanbul,WQX63PNT9NE,#ce5284,true
Nolan,Buchanan,mauris.sagittis@yahoo.edu,1-781-168-8516,2C6B27C6-4E51-3A3B-3AA5-9088E708C2D0,Silvan,NDD63EEP4FF,#c14be5,false
Lilah,Porter,cras.convallis@google.org,1-854-718-3853,6D426C1B-6CAD-167A-5738-34C49A558C41,Port Blair,HJF85YEI8AG,#536cc6,true
Hiram,Blackwell,praesent.interdum@aol.couk,1-292-707-5012,D1AD46FA-0286-5FBD-93D9-A02BE773CA25,Nicoya,XSM44PSN6NO,#a8b5ff,true
Josiah,Carey,pede.malesuada@aol.couk,(715) 410-4746,08DB4C45-CC96-8762-D6BD-8753272A38AD,Zhejiang,YIQ54EPE6EG,#4ee89e,true
Galena,Wynn,amet.consectetuer@yahoo.edu,(828) 806-7515,FE8E72CA-D533-DB32-9CFB-DBED1983E092,Cúcuta,WWS70EFQ6YC,#cc049d,false
Natalie,Haley,sagittis.semper.nam@hotmail.ca,1-886-861-8865,9E46CE61-7337-D6EC-52FD-2C4ED7393DB1,Foz do Iguaçu,IDU76ITF4CQ,#efba1c,true
Alea,O'Neill,arcu.nunc@yahoo.net,1-832-341-5513,8125733A-F3C6-6D4F-A8A5-8631E7CB3194,Geertruidenberg,SNS46SSM6QL,#31d8b4,false
Gisela,Becker,erat@google.com,1-651-536-5917,8FC8829C-D91A-8434-D94D-9E19235A42D9,Kaduna,GIB78FWV6HE,#3cd8d0,true
Zoe,Wilkins,lacinia@aol.couk,(630) 732-1129,01B63D30-7D53-7AD1-EA6A-029967115BB8,Jayapura,MMQ14CEL1HW,#d8546a,true
Tiger,Cervantes,non.sapien@protonmail.couk,(910) 324-3213,363593CB-5ECA-065D-0BD4-C44331545AC9,Gore,PMV78UDM3CP,#85bc2d,true
Darryl,Garza,vestibulum.massa@aol.couk,1-298-667-8630,105AC863-3F75-EEB7-086C-BA45EC1E3555,Timaru,HUK20TDW5GC,#3ae8e8,false
Dennis,Barrett,feugiat.nec@yahoo.net,1-670-421-4823,12C7E7A9-61B8-5C79-3424-471D6FAEAB52,Stratford,VMT71DDV3YI,#dae560,true
Barclay,Jensen,tellus.nunc@icloud.couk,1-426-635-5272,37F0EFBE-64C5-3E2C-36CE-D884A525CCAF,Tehuacán,FYS33MOR1WK,#ffddc6,false
Mira,Golden,cursus@protonmail.ca,(322) 818-2854,04BE4351-FA30-638B-987C-69719A4E65B1,Szczecin,DAD25OFX8JY,#5654ea,true
Boris,Hurst,luctus.felis.purus@google.ca,1-875-811-3477,B8DA7931-E5DA-6E41-4B2A-3DACBEDB803C,Cunco,WXH07URM6EZ,#acf25c,false
Jermaine,Burnett,cras@icloud.org,(217) 586-4531,DC39C6D6-36D6-46ED-CCC2-6778B938842B,Uyo,RRL04RNB8SW,#31769e,true
Clio,Allison,auctor.velit@aol.net,(917) 362-1707,94E57060-231A-AB2C-8EE5-033E452840E1,Chungju,HSN57OVH1WP,#76e081,false
Quon,Shaw,luctus.vulputate@icloud.ca,1-961-773-7840,B5976ECA-5371-2AD9-604E-247342572E67,Polesella,JKQ70WNV8OV,#d83e58,true
Ivy,Pugh,odio.a.purus@icloud.ca,(116) 131-2226,CEC48ED1-08CB-592B-2A25-2A77480BA509,Taupo,VTA96INJ7LK,#d1b114,true
Aurora,Hamilton,nisl@outlook.net,1-307-425-6548,2BE95DD0-73E4-E375-6D2B-1E8E17302113,Hard,GGK66FEH8JU,#9c31f9,true
