firstName,lastName,email,phone,guid,city,password,favorite_color,active,number,lastModified
Dana,Ruiz,vulputate.dui.nec@yahoo.couk,(531) 696-0934,81DAF261-6884-8231-F4A0-B39BB74B4A3D,Mohmand Agency,SYO37GIK6DI,#e58b89,false,3,2021-04-07T14:19:34Z
Joseph,Holloway,ornare.lectus@icloud.couk,(904) 838-5781,D749646E-78C5-2895-3448-B3F6DB7C2945,Edremit,CVU64FPD4TN,#d1b04d,true,8,2022-05-07T14:19:34Z
Lance,Willis,vitae.velit.egestas@yahoo.com,(457) 926-7611,619BF821-8EDC-0A76-D39F-26E9EC763EC0,Homburg,ICX21FFU4MI,#2b439b,false,5,2021-01-07T14:19:34Z
Ima,Armstrong,vitae.posuere.at@aol.edu,1-834-822-4292,C8EA1EA6-D616-0E23-19C3-17E6D366B162,Palmerston,WMG81PSN1SU,#ed866a,true,89,2022-02-07T14:19:34Z
Whitney,Rice,egestas@protonmail.couk,1-942-165-9915,11B1B9D4-26E9-9DF3-6096-2A25CC59F6FD,Hexham,SKF63URD2HM,#f8f995,true,345,2020-03-07T14:19:34Z
Kennan,Gillespie,diam@yahoo.edu,1-342-445-5453,A521EED7-4A4D-273A-B697-72DDFCAE5D93,Saint John,TCY40GMG1HK,#b916f9,true,2,2022-04-07T14:19:34Z
Orla,Pickett,dictum@google.couk,1-857-268-3320,6BC8BF9A-DF48-2DE7-C01B-8AC14F77BD49,Siheung,NKC95HBE0BI,#1faf9c,false,775,2022-05-07T14:19:34Z
Lillian,Henry,quis@icloud.ca,(524) 355-4733,9B4EA5B3-38C2-A4A6-9477-D19F529B5635,Berlin,ZQI51OYG6ML,#1da347,false,345,2022-06-07T14:19:34Z
Olympia,Long,fringilla.ornare@hotmail.net,1-718-723-7742,AC435762-79CC-7738-ADCA-B0D6230813B2,Puerto Guzmán,GHB80JPG1QF,#efa7c8,true,34,2021-07-07T14:19:34Z
Dai,Fulton,duis@icloud.ca,1-453-266-6694,B197A3BB-7D0A-18D1-C6A1-B893BF203732,Pica,TCS56RBE8ZG,#c92c5b,false,654,2022-02-07T14:19:34Z
Michelle,Huffman,sollicitudin@protonmail.net,1-429-751-2438,4323D08C-AFBF-D7A8-5845-473874A7A58B,Pondicherry,WFS49EME4NN,#a2f22b,true,6,2022-01-07T14:19:34Z
Ralph,Dunlap,mattis.cras.eget@protonmail.edu,(162) 556-9646,D4B28215-76C3-D01B-E711-B8B4C55E5704,San Felipe,FVG24TBJ0NT,#7dfc7b,true,2,2022-07-07T14:19:34Z
Raya,Collier,orci@icloud.com,(814) 618-3314,DA86E398-116A-6D45-4216-2E10CD06CBAC,Chilpancingo,DEK47WGK4GB,#00b53f,true,90,2021-08-07T14:19:34Z
Quinlan,Love,hymenaeos@icloud.edu,(452) 655-4886,98B46014-906E-D4E1-8C0C-CE72CAA7EF67,Wolfurt,JZU35PSO8DW,#c65d1f,true,55,2021-09-07T14:19:34Z
Norman,Rodriguez,pellentesque.ut.ipsum@icloud.net,1-787-316-0733,0DB8C716-CF7F-7A9E-C91F-AB2386B67DE8,Liberia,GIR35AHV6OR,#dd3b87,true,36,2020-10-07T14:19:34Z
Hammett,Figueroa,sociosqu@hotmail.com,(491) 635-5437,09617992-B63E-8C2B-9B1C-DC2DD54448EC,Ovalle,WLI56RSE8OO,#48ea5e,false,16,2022-04-07T14:19:34Z
Julian,Brady,ultrices.iaculis@yahoo.net,(745) 764-7816,D7AA9F31-DA6A-BEBD-8B22-C5F4579C4342,Heilongjiang,VUC47IZH4TH,#cdabfc,false,57,2022-02-07T14:19:34Z
Dominique,Ford,vel.turpis.aliquam@icloud.ca,1-430-654-8743,91E51994-C19C-1A3E-40BD-5CC3923B3AA5,Saint Paul,DTZ06LDB8GH,#f9319c,true,913,2021-11-07T14:19:34Z
Macon,Davenport,dictum.eu@protonmail.org,1-718-925-7673,2215FDED-52DB-9ED2-99BF-9A89D16DE453,Shandong,IOU15RJB7EM,#e8ba76,false,387,2022-02-07T14:19:34Z
Aquila,Cummings,leo.cras@icloud.com,1-240-504-1448,85DC48DE-2B30-34D7-F5B3-B86412DB2059,Cork,PCR53HSZ4IS,#2652a5,false,111,2022-06-21T14:19:34Z
Galena,Morrow,ligula.elit@protonmail.net,(178) 843-2644,1C759B24-9EBC-A624-C192-136DAA99CC18,Sóc Trăng,KHK22YJH8ZG,#4fef10,true,5,2022-01-06T14:19:34Z
Yeo,Mitchell,curabitur.dictum.phasellus@protonmail.net,1-239-573-7989,9D711B21-46BC-5E5D-3244-BF3F0AD679BF,Pskov,UQA51MQI3LL,#c1f9ff,false,79,2020-12-07T14:19:34Z